rate_est,rate_true,beta_g_est,beta_g_true,noise,trials
0.20906646889871827,-5,0.3065424201739978,-10,0,12
0.08326789588941545,-5,0.024645699696493537,-10,0,120
0.018866562866269435,-5,9.380038715825912e-4,-10,0,1200
0.1911885156863683,-5,0.41753517503647025,-5,0,12
0.069661547108837,-5,0.12234141804990173,-5,0,120
0.02062322042584904,-5,0.021890572358619735,-5,0,1200
0.15414860598912658,-5,0.46697199235615666,-1,0,12
0.03455175831427628,-5,0.4384199630654573,-1,0,120
0.006869137643687506,-5,0.2669016730794728,-1,0,1200
0.1509465269186383,-5,0.5544244698734315,-0.5,0,12
0.027945207770111013,-5,0.5126179868324477,-0.5,0,120
0.008509645614917901,-5,0.4108846601743726,-0.5,0,1200
0.1992852698494551,-5,0.5900242236136821,0,0,12
0.03442314928883061,-5,0.5881822847860718,0,0,120
0.012423100327799644,-5,0.51108420751655,0,0,1200
0.1530823517948923,-5,0.45656028612743765,0.5,0,12
0.03457907095299777,-5,0.40260008438165235,0.5,0,120
0.008801958152952158,-5,0.6349562373624862,0.5,0,1200
0.17607662595039605,-5,0.3706397420217238,1,0,12
0.04062619540128535,-5,0.5842534647979247,1,0,120
0.008182489230862046,-5,0.7403251703307895,1,0,1200
0.1542826680828599,-5,0.4713453468360594,5,0,12
0.060577891969209485,-5,0.896795628830266,5,0,120
0.017803649330948655,-5,0.9795313016509033,5,0,1200
0.24856428768719255,-5,0.7628958583617165,10,0,12
0.08185353678814454,-5,0.9770735543685499,10,0,120
0.018007496025423723,-5,0.9990645578250942,10,0,1200
0.16411657036322802,-3,0.4104435620382738,-10,0,12
0.09791313633389305,-3,0.027773186496192696,-10,0,120
0.056368433837251604,-3,0.0022427944176205,-10,0,1200
0.20377145380982933,-3,0.3272873815584854,-5,0,12
0.10650803827947754,-3,0.032403660193246864,-5,0,120
0.058606687490611466,-3,0.009107440120597457,-5,0,1200
0.1932809425339001,-3,0.3709095868519732,-1,0,12
0.09151392511576252,-3,0.45193161882691213,-1,0,120
0.03869861714673385,-3,0.239693955142591,-1,0,1200
0.15343458886505112,-3,0.43536200157299826,-0.5,0,12
0.0837720913833559,-3,0.5303808940707342,-0.5,0,120
0.045184313167293294,-3,0.3533051850872145,-0.5,0,1200
0.20548467036301102,-3,0.5888750003201838,0,0,12
0.06262593184941288,-3,0.4671900131702139,0,0,120
0.04694105719549119,-3,0.4661937396245209,0,0,1200
0.29297358167042387,-3,0.6213871300172567,0.5,0,12
0.060749202332660686,-3,0.5756859432740248,0.5,0,120
0.05675029812615177,-3,0.5489971378056485,0.5,0,1200
0.15238793536563336,-3,0.44137269369355975,1,0,12
0.07203248198926124,-3,0.7143790986520423,1,0,120
0.052082363873915044,-3,0.6970183022444731,1,0,1200
0.20966539706591794,-3,0.6862595259851195,5,0,12
0.12322057487457384,-3,0.953716489771466,5,0,120
0.061054102845518085,-3,0.9899233321128377,5,0,1200
0.18083733870273422,-3,0.6600350150236358,10,0,12
0.08656539105002575,-3,0.9723018322620464,10,0,120
0.07043073340744206,-3,0.9971081548493398,10,0,1200
0.3183442686716059,-1,0.39575968485375207,-10,0,12
0.2817183496530051,-1,0.057324412841033665,-10,0,120
0.2813853551252045,-1,0.010112024033295343,-10,0,1200
0.43142044460629553,-1,0.34736447824233896,-5,0,12
0.2593385756625472,-1,0.061655751278217645,-5,0,120
0.26763194744686397,-1,0.015121255456169658,-5,0,1200
0.3828990853415567,-1,0.5679283319767219,-1,0,12
0.2537129920649115,-1,0.2389894747792247,-1,0,120
0.2937902552017549,-1,0.31531462774492386,-1,0,1200
0.2006960503844816,-1,0.4543825051431403,-0.5,0,12
0.21642594214018618,-1,0.4911619257914848,-0.5,0,120
0.26766477546871364,-1,0.4191049417306334,-0.5,0,1200
0.19951746720180466,-1,0.5005206510640734,0,0,12
0.26208314313372344,-1,0.5483939584806881,0,0,120
0.28147248090061056,-1,0.5342862604526437,0,0,1200
0.37327816541891606,-1,0.5108081140875,0.5,0,12
0.2881669672635862,-1,0.6004617920733362,0.5,0,120
0.2742449865581014,-1,0.6528904208081112,0.5,0,1200
0.3388163026897406,-1,0.5825327899679906,1,0,12
0.3129530395831908,-1,0.696300482100909,1,0,120
0.27275192002133225,-1,0.7606186211929268,1,0,1200
0.35640225497412786,-1,0.6843851359881272,5,0,12
0.24215404450221537,-1,0.9535327815875037,5,0,120
0.2907540981122379,-1,0.9879676798768334,5,0,1200
0.31611575269527786,-1,0.6545341940348757,10,0,12
0.25394008224412057,-1,0.9360761604126344,10,0,120
0.26180956240783376,-1,0.9903125239567937,10,0,1200
0.3531351509408158,-0.5,0.327010160644379,-10,0,12
0.40198028089052745,-0.5,0.070952072802799,-10,0,120
0.4034526447318878,-0.5,0.012362120224468556,-10,0,1200
0.5677340563753489,-0.5,0.5014441320344687,-5,0,12
0.36303578699900907,-0.5,0.0980143299830385,-5,0,120
0.4190350355796817,-0.5,0.017413593831622092,-5,0,1200
0.38132504642739873,-0.5,0.48516456596507473,-1,0,12
0.3852286212433999,-0.5,0.16584104133613148,-1,0,120
0.36204991311088147,-0.5,0.31141768120997687,-1,0,1200
0.4080447154905427,-0.5,0.6776057461363404,-0.5,0,12
0.3082542934042944,-0.5,0.5293234470544561,-0.5,0,120
0.3720909850710776,-0.5,0.42442388467202147,-0.5,0,1200
0.43538649739320706,-0.5,0.4068508581098245,0,0,12
0.42960061261597526,-0.5,0.45938974716062886,0,0,120
0.3655074297599726,-0.5,0.5206981476594387,0,0,1200
0.3807162464503822,-0.5,0.49865188973994906,0.5,0,12
0.45177336759430387,-0.5,0.43371376840962605,0.5,0,120
0.3698081734990912,-0.5,0.6525898916582697,0.5,0,1200
0.5069479432287508,-0.5,0.5022084792181822,1,0,12
0.38697478291689175,-0.5,0.6386568992307003,1,0,120
0.3923481987012075,-0.5,0.7583716756091536,1,0,1200
0.5052339427817357,-0.5,0.7223306884887137,5,0,12
0.41472312157916796,-0.5,0.9132223196085107,5,0,120
0.36885220135754837,-0.5,0.9795949345952555,5,0,1200
0.29988427501094583,-0.5,0.7418431699174677,10,0,12
0.3655348520002502,-0.5,0.929798260302426,10,0,120
0.3763250282652044,-0.5,0.9868289779250559,10,0,1200
0.4324891820752387,0,0.3924026259017127,-10,0,12
0.5141349142497038,0,0.09375136542539589,-10,0,120
0.5090442607368125,0,0.013276969136397554,-10,0,1200
0.664651003259691,0,0.28822047443792764,-5,0,12
0.5501086892902847,0,0.06283712857183507,-5,0,120
0.5029722376178758,0,0.01412004646118818,-5,0,1200
0.4384584343597485,0,0.35568787751581527,-1,0,12
0.5180658765078028,0,0.2531362022865052,-1,0,120
0.4847104020514424,0,0.26228038394511105,-1,0,1200
0.5639614342166884,0,0.4765333788115205,-0.5,0,12
0.479587041366996,0,0.4795557586327973,-0.5,0,120
0.483383964763223,0,0.3440503516366946,-0.5,0,1200
0.6902527550531842,0,0.3794378853966845,0,0,12
0.5394812897819437,0,0.49355366751506835,0,0,120
0.5126185991378186,0,0.5388523981041395,0,0,1200
0.49736385237891895,0,0.49959790342046817,0.5,0,12
0.5384551366547644,0,0.5596723951628126,0.5,0,120
0.49140526683619007,0,0.6416968587207417,0.5,0,1200
0.37347196198965316,0,0.5271849899308985,1,0,12
0.5275268563598112,0,0.7694839445244852,1,0,120
0.49670136212612326,0,0.741373532243625,1,0,1200
0.44157163402807836,0,0.6437638035155631,5,0,12
0.5145415525340628,0,0.9260330787746992,5,0,120
0.4739569415017732,0,0.9841122442869111,5,0,1200
0.5031453058497731,0,0.58777850342353255,10,0,12
0.4660115809500108,0,0.9355306065231824,10,0,120
0.5074444374213876,0,0.9842162388130412,10,0,1200
0.6281516409718675,0.5,0.39935046759065324,-10,0,12
0.5454309207170285,0.5,0.10900385038206663,-10,0,120
0.6072310728312509,0.5,0.013722515195316965,-10,0,1200
0.4986925580901363,0.5,0.4160261548731815,-5,0,12
0.596460228386008,0.5,0.10175296398579531,-5,0,120
0.6125971680586989,0.5,0.022371843140080172,-5,0,1200
0.6762457188417852,0.5,0.44398157353788387,-1,0,12
0.6051517555648531,0.5,0.29208498034800906,-1,0,120
0.623936430743118,0.5,0.2656022516038003,-1,0,1200
0.5165631122696431,0.5,0.29959885274087084,-0.5,0,12
0.6197224161772511,0.5,0.3536176224353181,-0.5,0,120
0.618208488092033,0.5,0.39734265581770783,-0.5,0,1200
0.6337786285696643,0.5,0.3979382370909852,0,0,12
0.6100498438046978,0.5,0.644807941623793,0,0,120
0.6223272429515825,0.5,0.5238347455709977,0,0,1200
0.5547913146239163,0.5,0.6907619052235432,0.5,0,12
0.659613351883531,0.5,0.5975453281332503,0.5,0,120
0.6029859144457163,0.5,0.585809266658017,0.5,0,1200
0.6252067189024975,0.5,0.5571117860954609,1,0,12
0.600633501203203,0.5,0.7353016366879153,1,0,120
0.6265159230763432,0.5,0.7139405351209935,1,0,1200
0.6033952643314456,0.5,0.7155705190290971,5,0,12
0.6319182574032964,0.5,0.9206687056915192,5,0,120
0.6079656704411295,0.5,0.9801168709674778,5,0,1200
0.6755615523743568,0.5,0.5610602196909324,10,0,12
0.6355597901430415,0.5,0.916065855159984,10,0,120
0.6145470123494692,0.5,0.9874380643023724,10,0,1200
0.7850214860501686,1,0.2878092411888463,-10,0,12
0.6920234315291611,1,0.06494525198850512,-10,0,120
0.7168256906034253,1,0.010103850768440918,-10,0,1200
0.7526347794782807,1,0.2449493175294366,-5,0,12
0.7073273569454289,1,0.08595038372534339,-5,0,120
0.7353912481558583,1,0.013974233499519888,-5,0,1200
0.5729670534009889,1,0.30060845747007664,-1,0,12
0.6984556201903371,1,0.2275684970002438,-1,0,120
0.7154740495946372,1,0.2457127910100307,-1,0,1200
0.49352448303074603,1,0.4953340595579485,-0.5,0,12
0.7988218852511648,1,0.24457938257681566,-0.5,0,120
0.7264210062522287,1,0.418510885754935,-0.5,0,1200
0.5408329330988754,1,0.35584874588430654,0,0,12
0.7806772699697804,1,0.5359722798123671,0,0,120
0.7457495823998556,1,0.45861937352983234,0,0,1200
0.5731248255652968,1,0.40785799138415635,0.5,0,12
0.7343163585931783,1,0.540063475102455,0.5,0,120
0.7082460606287572,1,0.6138570362007009,0.5,0,1200
0.6873390782778587,1,0.5056579049149164,1,0,12
0.7286473145345647,1,0.6042666667762283,1,0,120
0.7297362857562746,1,0.7634198709659034,1,0,1200
0.7275920813076319,1,0.6262544590940584,5,0,12
0.701384141108605,1,0.9139324528953521,5,0,120
0.7181417940649674,1,0.985337716371969,5,0,1200
0.7303680586807694,1,0.7084553695497019,10,0,12
0.7773777453933175,1,0.9443651914846357,10,0,120
0.6884481402404835,1,0.9875542873401322,10,0,1200
0.6762487371805753,3,0.24319820604479694,-10,0,12
0.8967308386794388,3,0.03393234105030183,-10,0,120
0.9456549617194278,3,0.00210672949072373,-10,0,1200
0.7480498585511817,3,0.24469209098770714,-5,0,12
0.8901395889085243,3,0.061949728715552155,-5,0,120
0.9422122660276006,3,0.01278278297899208,-5,0,1200
0.8462445866364451,3,0.44400354154028326,-1,0,12
0.9232140726657397,3,0.5702785221590028,-1,0,120
0.9462785842609315,3,0.3032446782177444,-1,0,1200
0.8511470116207003,3,0.5316222241893225,-0.5,0,12
0.9246960211153114,3,0.4166605731455121,-0.5,0,120
0.9514178819902386,3,0.3377647311072454,-0.5,0,1200
0.8448409029401839,3,0.5692147878295647,0,0,12
0.9341490685222602,3,0.7622379203064785,0,0,120
0.9523195774555107,3,0.4715761802280937,0,0,1200
0.8398636290608206,3,0.5974296015875082,0.5,0,12
0.9557254064738417,3,0.7219191552894701,0.5,0,120
0.9533944077143605,3,0.6777832383713048,0.5,0,1200
0.8132920213243293,3,0.33045124116977653,1,0,12
0.9309154850828939,3,0.6773690313973186,1,0,120
0.9528081687794205,3,0.705413732458916,1,0,1200
0.7441359613654714,3,0.6315500292290517,5,0,12
0.9025375329277809,3,0.948721309291214,5,0,120
0.940154404955733,3,0.9889974148725896,5,0,1200
0.8326394247742498,3,0.6182387627574055,10,0,12
0.8984474679598107,3,0.9594554142828673,10,0,120
0.935651343460086,3,0.9974425683827463,10,0,1200
0.8397674995146517,5,0.41621592612725783,-10,0,12
0.9239943909151214,5,0.029074527480551476,-10,0,120
0.9801702937826001,5,9.558527265927844e-4,-10,0,1200
0.8085319982346557,5,0.3874031962554389,-5,0,12
0.9277740835281614,5,0.12230581761916189,-5,0,120
0.9805938163445234,5,0.022527921182293336,-5,0,1200
0.8538257957376961,5,0.5356139508247167,-1,0,12
0.9719212254574928,5,0.5305493863481887,-1,0,120
0.9913236377380338,5,0.2870868000294183,-1,0,1200
0.8302755183430892,5,0.6281520126313448,-0.5,0,12
0.9658829281169478,5,0.43726994314631595,-0.5,0,120
0.9908130029318337,5,0.4321076229122251,-0.5,0,1200
0.8401349455847213,5,0.5789632379437828,0,0,12
0.9719885069739569,5,0.48663956571648376,0,0,120
0.9912919306233356,5,0.5507785598523596,0,0,1200
0.7995574992758663,5,0.5034120586177777,0.5,0,12
0.9646291582031427,5,0.4464688384296853,0.5,0,120
0.9913635102208864,5,0.4461111425134939,0.5,0,1200
0.8417476868508139,5,0.561947177397805,1,0,12
0.9714782070074489,5,0.5542552265060133,1,0,120
0.990385769570043,5,0.6008745501033336,1,0,1200
0.7949391645608422,5,0.6819461629935156,5,0,12
0.9300443689848729,5,0.8877197731394437,5,0,120
0.9812739048745006,5,0.9864758589876251,5,0,1200
0.7676685803550949,5,0.7201968657258665,10,0,12
0.9112707884273227,5,0.9766315050826712,10,0,120
0.9793518415666804,5,0.9991634397389645,10,0,1200
0.16112493199576386,-5,0.39854330400120985,-10,0.1,12
0.13611297464670716,-5,0.03689054297367844,-10,0.1,120
0.0882510374599501,-5,0.003520855430438931,-10,0.1,1200
0.22861593368448324,-5,0.2566340498747465,-5,0.1,12
0.08575054199337474,-5,0.17432648057092576,-5,0.1,120
0.05336971733149069,-5,0.05382913088368685,-5,0.1,1200
0.14716811867094118,-5,0.5211080456109969,-1,0.1,12
0.06835354325529729,-5,0.4804122285627043,-1,0.1,120
0.027296669138030777,-5,0.4024546037652683,-1,0.1,1200
0.14601057799598036,-5,0.5037368149497177,-0.5,0.1,12
0.06045958914653281,-5,0.4749619724620693,-0.5,0.1,120
0.03447336368536171,-5,0.42537595163012726,-0.5,0.1,1200
0.15451981457082242,-5,0.5720885232292927,0,0.1,12
0.0625845419878838,-5,0.4826297261911834,0,0.1,120
0.03667310493100617,-5,0.48360810766086154,0,0.1,1200
0.19608609992705586,-5,0.48340009464901323,0.5,0.1,12
0.07017405264252959,-5,0.5295402506000085,0.5,0.1,120
0.035939686325397895,-5,0.46607235661538715,0.5,0.1,1200
0.1531490557797466,-5,0.5082942132135916,1,0.1,12
0.0623703227309586,-5,0.4742875748226312,1,0.1,120
0.043605009067490055,-5,0.5602072860173968,1,0.1,1200
0.2663575253228643,-5,0.6727703120505385,5,0.1,12
0.09508255939049803,-5,0.8415682714186484,5,0.1,120
0.05848407614442453,-5,0.9508192381117899,5,0.1,1200
0.3016863919050341,-5,0.7130359758071276,10,0.1,12
0.13983599884863668,-5,0.9654590969106811,10,0.1,120
0.07088986312595322,-5,0.9971794709978747,10,0.1,1200
0.2268392173428012,-3,0.3510427153155199,-10,0.1,12
0.13241240737059157,-3,0.036939310417878464,-10,0.1,120
0.10526902783433535,-3,0.003962651448026793,-10,0.1,1200
0.22676723208320868,-3,0.268870931112866,-5,0.1,12
0.14052372321186948,-3,0.07746980988761004,-5,0.1,120
0.09508297109824423,-3,0.021185444650558122,-5,0.1,1200
0.14684373789736715,-3,0.44649314827894876,-1,0.1,12
0.10494344054101448,-3,0.34175659755753274,-1,0.1,120
0.08032940813442678,-3,0.3571024905189427,-1,0.1,1200
0.15443165017619961,-3,0.586555483771803,-0.5,0.1,12
0.09101018588113714,-3,0.6354262271760803,-0.5,0.1,120
0.07159320971955666,-3,0.521234826631653,-0.5,0.1,1200
0.14563774751997138,-3,0.5223644788617906,0,0.1,12
0.0707626258946191,-3,0.4837425635421972,0,0.1,120
0.07755074832184639,-3,0.485936430584207,0,0.1,1200
0.3781476712643063,-3,0.6481742879230739,0.5,0.1,12
0.09074789245213845,-3,0.5543620024465615,0.5,0.1,120
0.07140724805245852,-3,0.5647131029047732,0.5,0.1,1200
0.19806505825151452,-3,0.5365444084739653,1,0.1,12
0.07648155016808444,-3,0.527642249778187,1,0.1,120
0.08592275774168863,-3,0.6675057840204766,1,0.1,1200
0.2559864325090273,-3,0.672850004146565,5,0.1,12
0.19899660517685175,-3,0.9177119374807549,5,0.1,120
0.10017883138788578,-3,0.9846367265671419,5,0.1,1200
0.23486417531918333,-3,0.7279279867790854,10,0.1,12
0.18472746376521457,-3,0.941475286794825,10,0.1,120
0.09238900668841699,-3,0.9964072386965361,10,0.1,1200
0.2975067249866887,-1,0.2840354648602014,-10,0.1,12
0.35013769890217605,-1,0.07828377252280991,-10,0.1,120
0.31548262163415153,-1,0.011254615162135075,-10,0.1,1200
0.37731551488504694,-1,0.4278971864464374,-5,0.1,12
0.24282986052221,-1,0.09093685731090434,-5,0.1,120
0.2841689002315499,-1,0.011486111901568244,-5,0.1,1200
0.3806646574647042,-1,0.5195572198170707,-1,0.1,12
0.3192779211564759,-1,0.3349777063449705,-1,0.1,120
0.2941433837333005,-1,0.3342067014001317,-1,0.1,1200
0.45207902996064603,-1,0.3949438472919256,-0.5,0.1,12
0.3064927417794637,-1,0.4190370134536507,-0.5,0.1,120
0.2752743202677334,-1,0.3535173323560186,-0.5,0.1,1200
0.37135120567846086,-1,0.6031257309215771,0,0.1,12
0.369382566546896,-1,0.4649805623054706,0,0.1,120
0.3082802451944603,-1,0.4817599238197914,0,0.1,1200
0.20457607269989578,-1,0.6679547421912139,0.5,0.1,12
0.2708148160148559,-1,0.5146467511234275,0.5,0.1,120
0.29426207655958614,-1,0.6175164872508481,0.5,0.1,1200
0.25171674457414206,-1,0.5706936316851553,1,0.1,12
0.3208614446702971,-1,0.6388025013997727,1,0.1,120
0.29508753258063,-1,0.7125242287546721,1,0.1,1200
0.3906719856113211,-1,0.628009544378567,5,0.1,12
0.26630590420925704,-1,0.920496718526404,5,0.1,120
0.30210888105952494,-1,0.98576995966391745,5,0.1,1200
0.2901612677802495,-1,0.7045104378576234,10,0.1,12
0.3533947110367805,-1,0.9345646857268599,10,0.1,120
0.29892958416622734,-1,0.9893070986558583,10,0.1,1200
0.28985067715587953,-0.5,0.3196055436626323,-10,0.1,12
0.35216480347892487,-0.5,0.07310099626097567,-10,0.1,120
0.3975398581821351,-0.5,0.011911180752974255,-10,0.1,1200
0.566477594545301,-0.5,0.4117711466741458,-5,0.1,12
0.4598236160674235,-0.5,0.07932764021593862,-5,0.1,120
0.3975278921036946,-0.5,0.02165446815624414,-5,0.1,1200
0.6190634888099288,-0.5,0.5069748464708083,-1,0.1,12
0.3527106087302986,-0.5,0.3143996479719505,-1,0.1,120
0.377045234783392,-0.5,0.24871341483745982,-1,0.1,1200
0.4289117920521397,-0.5,0.39172587405579257,-0.5,0.1,12
0.350345748062647,-0.5,0.5814097432834314,-0.5,0.1,120
0.37066550067309223,-0.5,0.36238901472788726,-0.5,0.1,1200
0.37758754852236853,-0.5,0.42306992604179766,0,0.1,12
0.43724053472025115,-0.5,0.46942968594181533,0,0.1,120
0.39292119914261797,-0.5,0.48324071621923725,0,0.1,1200
0.5029634815357918,-0.5,0.5616889577083956,0.5,0.1,12
0.39700514860430197,-0.5,0.6516710376396886,0.5,0.1,120
0.3955084978885877,-0.5,0.6164928683811651,0.5,0.1,1200
0.3682315858712268,-0.5,0.604357740997499,1,0.1,12
0.4071657701564637,-0.5,0.6951382543932206,1,0.1,120
0.4085481831275981,-0.5,0.7478887540997282,1,0.1,1200
0.6402167891466022,-0.5,0.7469038192992711,5,0.1,12
0.3934457273719929,-0.5,0.9218911478486996,5,0.1,120
0.3963432142211747,-0.5,0.9806288659528731,5,0.1,1200
0.37155396265751983,-0.5,0.6084212699546665,10,0.1,12
0.32757617738607236,-0.5,0.9241412955909744,10,0.1,120
0.387665285395701,-0.5,0.9863493265494949,10,0.1,1200
0.6419104484454433,0,0.31695073526220624,-10,0.1,12
0.5475149643620377,0,0.07827141927375758,-10,0.1,120
0.5047310399482352,0,0.013660713169606065,-10,0.1,1200
0.42145135958776975,0,0.3000383728393192,-5,0.1,12
0.433102776950581,0,0.06730193570106184,-5,0.1,120
0.5048123946749015,0,0.023573997775972723,-5,0.1,1200
0.49938072248282567,0,0.5042139777524874,-1,0.1,12
0.47721796902190095,0,0.44440978392460107,-1,0.1,120
0.5258301193445389,0,0.2709277662143894,-1,0.1,1200
0.3723823820929322,0,0.5942175174172117,-0.5,0.1,12
0.4895137281155815,0,0.35346603596233556,-0.5,0.1,120
0.5064630232151293,0,0.379192937235322,-0.5,0.1,1200
0.1953571498885819,0,0.4024215642267736,0,0.1,12
0.4433916885537777,0,0.45625177414473445,0,0.1,120
0.5023576057658322,0,0.4977299482466489,0,0.1,1200
0.5841622547650696,0,0.7409214067148769,0.5,0.1,12
0.5409563122213588,0,0.5424499091611367,0.5,0.1,120
0.45519435513704143,0,0.628397525358085,0.5,0.1,1200
0.7484701729211853,0,0.33964917967388797,1,0.1,12
0.4728559426229544,0,0.7464331119787384,1,0.1,120
0.49494697469562665,0,0.7565606260092972,1,0.1,1200
0.19178710433891216,0,0.6754038527438379,5,0.1,12
0.5251656027515902,0,0.9172163256255185,5,0.1,120
0.5053657576790677,0,0.9857109217306854,5,0.1,1200
0.572434461675832,0,0.5930776037766635,10,0.1,12
0.48200206901432396,0,0.8839816862265861,10,0.1,120
0.49212775720682045,0,0.9861812904790856,10,0.1,1200
0.5684955478568746,0.5,0.34965434848880417,-10,0.1,12
0.5938879201431444,0.5,0.07568980208550143,-10,0.1,120
0.6344135099374842,0.5,0.011884897921738434,-10,0.1,1200
0.5432629455265336,0.5,0.3605424342624373,-5,0.1,12
0.5618647718620047,0.5,0.06022342924807616,-5,0.1,120
0.612312256407107,0.5,0.02393269666963582,-5,0.1,1200
0.6808338500262896,0.5,0.3156231289116951,-1,0.1,12
0.7002590143645853,0.5,0.17157184684459298,-1,0.1,120
0.6244791091699254,0.5,0.25064133574107694,-1,0.1,1200
0.5229135122922438,0.5,0.3162407900430436,-0.5,0.1,12
0.64926123850666,0.5,0.1951940554163269,-0.5,0.1,120
0.6130757994790967,0.5,0.3513011432490338,-0.5,0.1,1200
0.672890828544626,0.5,0.5496576797785026,0,0.1,12
0.6525493501977405,0.5,0.4826135933355817,0,0.1,120
0.5990054436239873,0.5,0.5463105469793754,0,0.1,1200
0.5228007672681384,0.5,0.7594922655227804,0.5,0.1,12
0.6433379972896321,0.5,0.5729797780221674,0.5,0.1,120
0.6124186005916421,0.5,0.6544149606079458,0.5,0.1,1200
0.38375928243171087,0.5,0.6456626110115176,1,0.1,12
0.6204251797749909,0.5,0.5374572978213393,1,0.1,120
0.6232974335354384,0.5,0.7109718404065417,1,0.1,1200
0.5106396305168713,0.5,0.5887786538896945,5,0.1,12
0.6006232081969677,0.5,0.9285639291740541,5,0.1,120
0.6112365277804694,0.5,0.979005107065441,5,0.1,1200
0.8307146260019874,0.5,0.6303079295484562,10,0.1,12
0.5816997257452833,0.5,0.9074021897186563,10,0.1,120
0.6087371044259405,0.5,0.9871072503749021,10,0.1,1200
0.5574119637478352,1,0.4242310822509347,-10,0.1,12
0.6970319224513163,1,0.06438897901645135,-10,0.1,120
0.6756724599556019,1,0.011200536762722486,-10,0.1,1200
0.6301389985123006,1,0.46321754438974944,-5,0.1,12
0.6555588656692178,1,0.07935464282936332,-5,0.1,120
0.7272614637027972,1,0.01118095423062577,-5,0.1,1200
0.7420199995276267,1,0.5540092766340292,-1,0.1,12
0.6898948022465028,1,0.3463039287560005,-1,0.1,120
0.6826323604839344,1,0.289345211655106,-1,0.1,1200
0.6824175808570422,1,0.44167619932008134,-0.5,0.1,12
0.7235082513837816,1,0.36850911032108896,-0.5,0.1,120
0.6963904286047513,1,0.3835452078362639,-0.5,0.1,1200
0.7328214201310089,1,0.5941551766912835,0,0.1,12
0.6675802309699909,1,0.38306682665374087,0,0.1,120
0.737338947182636,1,0.4797158619108481,0,0.1,1200
0.5662659078504194,1,0.5971774559107151,0.5,0.1,12
0.7371183810524164,1,0.571460320798519,0.5,0.1,120
0.71468219024207,1,0.6185396485399638,0.5,0.1,1200
0.6707710952002335,1,0.6050526581363502,1,0.1,12
0.6172809170683233,1,0.6429574302585077,1,0.1,120
0.7084804374565722,1,0.7283892105037684,1,0.1,1200
0.6170212590104135,1,0.5666646376756329,5,0.1,12
0.7382160397893934,1,0.8920317482515557,5,0.1,120
0.6931759707939467,1,0.9866890244347125,5,0.1,1200
0.6868979241051621,1,0.657636301847356,10,0.1,12
0.6338608434670532,1,0.9211477764989608,10,0.1,120
0.6860223839297994,1,0.9892820629871003,10,0.1,1200
0.7894008292433544,3,0.28060108960914554,-10,0.1,12
0.8454905325473095,3,0.04752139260938447,-10,0.1,120
0.8963246530251591,3,0.004304556424682301,-10,0.1,1200
0.7506189088988878,3,0.44342514876322,-5,0.1,12
0.8663290106220569,3,0.042333571020346926,-5,0.1,120
0.9109795243046681,3,0.020012052412014224,-5,0.1,1200
0.7463088356855831,3,0.49569077411875373,-1,0.1,12
0.8702547818858051,3,0.4288443418974114,-1,0.1,120
0.9190842425661888,3,0.3238727650118081,-1,0.1,1200
0.7334811914740261,3,0.3968646620512659,-0.5,0.1,12
0.9152253332779448,3,0.3098707287868904,-0.5,0.1,120
0.9329754961681164,3,0.4131020928001473,-0.5,0.1,1200
0.8507492515923715,3,0.5178204990319938,0,0.1,12
0.92378164940488,3,0.5330294088848982,0,0.1,120
0.9328015497696889,3,0.5674183750069745,0,0.1,1200
0.6915684377095834,3,0.6153330301869734,0.5,0.1,12
0.9249659907247246,3,0.6109194138616484,0.5,0.1,120
0.9263355737792948,3,0.617593116540436,0.5,0.1,1200
0.8390778803471547,3,0.6040813289749067,1,0.1,12
0.9074264153705752,3,0.6361501727513024,1,0.1,120
0.9247332245785426,3,0.6657687809966659,1,0.1,1200
0.836295646438445,3,0.6242772665110885,5,0.1,12
0.8419295074469586,3,0.9551743838239293,5,0.1,120
0.899115042940872,3,0.9823589772622512,5,0.1,1200
0.7361353494403117,3,0.6831956584290464,10,0.1,12
0.8240227521136596,3,0.934169402599273,10,0.1,120
0.8967265502833033,3,0.9959452413212985,10,0.1,1200
0.6913111538496992,5,0.24759098118327122,-10,0.1,12
0.844656014349707,5,0.0504910093419296,-10,0.1,120
0.9374942783850087,5,0.002387610917414459,-10,0.1,1200
0.7517595892425832,5,0.24394777687934988,-5,0.1,12
0.9134802573491793,5,0.1278054559049271,-5,0.1,120
0.9481705111789233,5,0.0588019026310791,-5,0.1,1200
0.8542583799550172,5,0.5241459010266217,-1,0.1,12
0.9588397979902931,5,0.5117291988085214,-1,0.1,120
0.9646901847843903,5,0.4628409029958211,-1,0.1,1200
0.778712872475767,5,0.3692942306075025,-0.5,0.1,12
0.9389305241214531,5,0.43376385765540293,-0.5,0.1,120
0.9641892527181358,5,0.46140344804316885,-0.5,0.1,1200
0.8481149881492132,5,0.5671413641099458,0,0.1,12
0.9445802094170099,5,0.4745629569980871,0,0.1,120
0.9584161672681795,5,0.47602147728340555,0,0.1,1200
0.8490706762813606,5,0.43852543622742685,0.5,0.1,12
0.9523116857264069,5,0.4630950550167431,0.5,0.1,120
0.961815234308002,5,0.5005528284343639,0.5,0.1,1200
0.79581961263254275,5,0.47469991067088935,1,0.1,12
0.9505424846212417,5,0.5705646760227251,1,0.1,120
0.9569497309701982,5,0.5457495133427928,1,0.1,1200
0.725539693350494,5,0.7123435161618135,5,0.1,12
0.9161263346544627,5,0.9009657395306239,5,0.1,120
0.9401250239754605,5,0.9357191142763293,5,0.1,1200
0.7822924083058926,5,0.7231726276967105,10,0.1,12
0.9140622780683171,5,0.9761052612717078,10,0.1,120
0.9257618342423355,5,0.9966043166579033,10,0.1,1200
0.4816004175112816,-5,0.24560967950233883,-10,0.2,12
0.21707275571559162,-5,0.061497059330189466,-10,0.2,120
0.12527318248075198,-5,0.0065616307187472776,-10,0.2,1200
0.257674308711186,-5,0.3100986121077512,-5,0.2,12
0.09371244636350445,-5,0.15604953080952616,-5,0.2,120
0.10715275633221183,-5,0.08370802584121713,-5,0.2,1200
0.2607262902611134,-5,0.4510005152876355,-1,0.2,12
0.07764943627872997,-5,0.5701819171915042,-1,0.2,120
0.06322904719969227,-5,0.44451054246088206,-1,0.2,1200
0.21389183112866578,-5,0.39282711733398074,-0.5,0.2,12
0.13826612476536995,-5,0.4689970468628857,-0.5,0.2,120
0.05986008988373798,-5,0.4780681741526592,-0.5,0.2,1200
0.1998293606476556,-5,0.4396626511457746,0,0.2,12
0.06853173264957271,-5,0.5524279961286344,0,0.2,120
0.07174812930276017,-5,0.5061234777096885,0,0.2,1200
0.2560150725174555,-5,0.2979453022389521,0.5,0.2,12
0.06912573124645947,-5,0.47153565140804093,0.5,0.2,120
0.07202468858106857,-5,0.4852948372710044,0.5,0.2,1200
0.23256820772327533,-5,0.3469046375513711,1,0.2,12
0.08493443085910772,-5,0.45662490401971095,1,0.2,120
0.0736184194448341,-5,0.5675093860116073,1,0.2,1200
0.385659649337573,-5,0.6812509767769006,5,0.2,12
0.12155896815934011,-5,0.9222366209303962,5,0.2,120
0.10025157428758194,-5,0.8943420022841848,5,0.2,1200
0.21954987802972117,-5,0.6377733810396027,10,0.2,12
0.1782583898191571,-5,0.9482166978763852,10,0.2,120
0.1228608284264265,-5,0.99465237766634,10,0.2,1200
0.26087284949253026,-3,0.31644150725062004,-10,0.2,12
0.18572687884052685,-3,0.06572777778124228,-10,0.2,120
0.1644209637843196,-3,0.007420597407832022,-10,0.2,1200
0.3837005257511379,-3,0.3102431410809249,-5,0.2,12
0.2111322201435046,-3,0.05891740212367841,-5,0.2,120
0.13540120642936013,-3,0.022508068467128464,-5,0.2,1200
0.14759086386734252,-3,0.5156091293675917,-1,0.2,12
0.1162489302822857,-3,0.3978232303045848,-1,0.2,120
0.10198243087604855,-3,0.38593154602467133,-1,0.2,1200
0.2106160056883158,-3,0.43986957132029036,-0.5,0.2,12
0.11633178602237541,-3,0.49072530794346064,-0.5,0.2,120
0.1051302084605842,-3,0.4225907187354883,-0.5,0.2,1200
0.1928279290565995,-3,0.6160818924135156,0,0.2,12
0.13121529040176177,-3,0.520623072433167,0,0.2,120
0.10508193934325001,-3,0.4813203411845048,0,0.2,1200
0.21323232072029474,-3,0.3982058805123423,0.5,0.2,12
0.14754937940432716,-3,0.4977622014495647,0.5,0.2,120
0.10291403726311142,-3,0.5370343821028316,0.5,0.2,1200
0.16095437347114963,-3,0.6160688797178107,1,0.2,12
0.10412327288300456,-3,0.685425035796148,1,0.2,120
0.09274008718958153,-3,0.622877135028948,1,0.2,1200
0.35341058297526473,-3,0.7108062831972944,5,0.2,12
0.18435633632200507,-3,0.9215714047248496,5,0.2,120
0.1318669119258241,-3,0.9730617435445466,5,0.2,1200
0.36329148763656594,-3,0.7185184366906828,10,0.2,12
0.2377088873112099,-3,0.9560572179280069,10,0.2,120
0.13166764779110743,-3,0.9946305919286602,10,0.2,1200
0.37364473900163214,-1,0.34772651372927404,-10,0.2,12
0.35937180468285357,-1,0.07501862933711594,-10,0.2,120
0.3216320342821505,-1,0.011620993183476331,-10,0.2,1200
0.37402663213619974,-1,0.40193035956272805,-5,0.2,12
0.34529923760741976,-1,0.066449766782021,-5,0.2,120
0.31348777135906714,-1,0.016916147980949068,-5,0.2,1200
0.4323237341713219,-1,0.6038483081391145,-1,0.2,12
0.3313419319688652,-1,0.300701718197141,-1,0.2,120
0.2902323217280857,-1,0.3123939917141174,-1,0.2,1200
0.3708598870821051,-1,0.3909351795853223,-0.5,0.2,12
0.3451410238240415,-1,0.4531947050623047,-0.5,0.2,120
0.2838646058472556,-1,0.3827483291698149,-0.5,0.2,1200
0.31297257063741085,-1,0.6248136967283169,0,0.2,12
0.3105770631800401,-1,0.41819343333941134,0,0.2,120
0.28839064125398756,-1,0.5159757578620431,0,0.2,1200
0.32744679061304266,-1,0.41947828002031656,0.5,0.2,12
0.32803453600171806,-1,0.6039263047410295,0.5,0.2,120
0.30748290988547505,-1,0.6148726062081933,0.5,0.2,1200
0.49973238655821667,-1,0.5726014772521054,1,0.2,12
0.3111552441864527,-1,0.7902288833053335,1,0.2,120
0.29232439662142157,-1,0.709641645803495,1,0.2,1200
0.35906309152906973,-1,0.7096317093826393,5,0.2,12
0.36861136797938454,-1,0.9257369642728313,5,0.2,120
0.3051971326669618,-1,0.9894187707458557,5,0.2,1200
0.4848756575142918,-1,0.6001559271411134,10,0.2,12
0.2924725413977031,-1,0.9318323740354669,10,0.2,120
0.30432227123054384,-1,0.9884251995695468,10,0.2,1200
0.43488920363955624,-0.5,0.3514852247304845,-10,0.2,12
0.42705000770201523,-0.5,0.0849533081414132,-10,0.2,120
0.3900223400441749,-0.5,0.012450924235831539,-10,0.2,1200
0.4997944727464728,-0.5,0.35766214752836345,-5,0.2,12
0.2951746014568407,-0.5,0.05366575170344143,-5,0.2,120
0.38360454009376704,-0.5,0.016319860563234794,-5,0.2,1200
0.37893091957004954,-0.5,0.42029723225454485,-1,0.2,12
0.3747856954347434,-0.5,0.23145742898499083,-1,0.2,120
0.40709967797068486,-0.5,0.27800101509138614,-1,0.2,1200
0.3719000034929702,-0.5,0.3461661988535022,-0.5,0.2,12
0.4396312895284713,-0.5,0.4076319059305812,-0.5,0.2,120
0.39986901665447894,-0.5,0.34766150746540214,-0.5,0.2,1200
0.42958119972243275,-0.5,0.5912792250603153,0,0.2,12
0.37231442395144393,-0.5,0.5363888422586995,0,0.2,120
0.4016550670781682,-0.5,0.5107912711887709,0,0.2,1200
0.37306053949739876,-0.5,0.397847302478949,0.5,0.2,12
0.31260842106252124,-0.5,0.562072077869394,0.5,0.2,120
0.41667734134963125,-0.5,0.6470758788645993,0.5,0.2,1200
0.602763994521346,-0.5,0.6144582626207169,1,0.2,12
0.39945108545394237,-0.5,0.8030704056395701,1,0.2,120
0.37217689257481446,-0.5,0.7243207558120626,1,0.2,1200
0.39900602424993803,-0.5,0.727097172971646,5,0.2,12
0.3013919581134547,-0.5,0.9153281407816231,5,0.2,120
0.4227239093174442,-0.5,0.9766057038601037,5,0.2,1200
0.36529917144941904,-0.5,0.7173225802670068,10,0.2,12
0.42938759848116026,-0.5,0.9175320260987235,10,0.2,120
0.42639098567492956,-0.5,0.985501719524747,10,0.2,1200
0.4217205249597222,0,0.39990132640732307,-10,0.2,12
0.5133632054831123,0,0.07469819058860985,-10,0.2,120
0.5072906261252241,0,0.014895340637255066,-10,0.2,1200
0.7709472130176739,0,0.3482168392276456,-5,0.2,12
0.5513753554965566,0,0.09055253464029425,-5,0.2,120
0.4761733168760228,0,0.01803968552391294,-5,0.2,1200
0.3813694959158475,0,0.4785446864266585,-1,0.2,12
0.5917320218634873,0,0.27024862462793525,-1,0.2,120
0.5084982449961748,0,0.3190349178776966,-1,0.2,1200
0.4878409458705815,0,0.4235692397272035,-0.5,0.2,12
0.45183073396522105,0,0.4047830517517307,-0.5,0.2,120
0.523382910105363,0,0.4007964499997663,-0.5,0.2,1200
0.49343912559907593,0,0.5716940603483802,0,0.2,12
0.5042767283328728,0,0.6004423530157257,0,0.2,120
0.4754714400005353,0,0.5250212325090967,0,0.2,1200
0.44122389877866136,0,0.5011336945323766,0.5,0.2,12
0.5430972493727443,0,0.5893828572377384,0.5,0.2,120
0.5040337701953526,0,0.613712578933987,0.5,0.2,1200
0.36745147011105167,0,0.5333663056133496,1,0.2,12
0.5796023151009057,0,0.7751924221538368,1,0.2,120
0.5217246086637035,0,0.7549741537552771,1,0.2,1200
0.4219251910374152,0,0.7032547681197215,5,0.2,12
0.4870922573741219,0,0.9180567588752009,5,0.2,120
0.4812515330095613,0,0.9839958000852788,5,0.2,1200
0.3807510158318151,0,0.6843559426886257,10,0.2,12
0.46844515156004535,0,0.9288168115106097,10,0.2,120
0.4926657036632338,0,0.9860730237110549,10,0.2,1200
0.7236697088051313,0.5,0.2846079101824683,-10,0.2,12
0.5181197748901838,0.5,0.09165755891869841,-10,0.2,120
0.6215100315908787,0.5,0.012160865097862968,-10,0.2,1200
0.380036584098256,0.5,0.4323775854295191,-5,0.2,12
0.6038600012859898,0.5,0.06270700351492234,-5,0.2,120
0.6276100398115786,0.5,0.01628629874909397,-5,0.2,1200
0.6280180339795532,0.5,0.41816789668674403,-1,0.2,12
0.6879651907303848,0.5,0.33235072708272617,-1,0.2,120
0.6057434406283496,0.5,0.27197214663198216,-1,0.2,1200
0.5704703722840132,0.5,0.5116614829777947,-0.5,0.2,12
0.5319528917524555,0.5,0.508426971230585,-0.5,0.2,120
0.5986500847588068,0.5,0.3815699524041596,-0.5,0.2,1200
0.4344851274840442,0.5,0.5925294763390785,0,0.2,12
0.664002249310346,0.5,0.4295516689988588,0,0.2,120
0.6106057739798835,0.5,0.4695843157838305,0,0.2,1200
0.5426164081718641,0.5,0.6385665090981427,0.5,0.2,12
0.5911784451086273,0.5,0.6917506083577253,0.5,0.2,120
0.6015403541281553,0.5,0.6294262444927373,0.5,0.2,1200
0.7956329455477412,0.5,0.49465145265199156,1,0.2,12
0.5813013924823034,0.5,0.7300169107500507,1,0.2,120
0.6104205237955218,0.5,0.7347407260472855,1,0.2,1200
0.6747627015314214,0.5,0.5666507098225908,5,0.2,12
0.5813788552509563,0.5,0.9298029277091967,5,0.2,120
0.5911109488979526,0.5,0.9869628125480946,5,0.2,1200
0.6172014706796467,0.5,0.5739019148403994,10,0.2,12
0.6068076227010523,0.5,0.9132559246297955,10,0.2,120
0.6060852933918289,0.5,0.9863316597262697,10,0.2,1200
0.558590774075022,1,0.41631558972949073,-10,0.2,12
0.6537918791757418,1,0.07448095197752991,-10,0.2,120
0.6824207119487279,1,0.011090490292090395,-10,0.2,1200
0.6896394278566681,1,0.26019254961843313,-5,0.2,12
0.6412580931370582,1,0.07439342239854123,-5,0.2,120
0.7212462841839404,1,0.018196309824414406,-5,0.2,1200
0.7705887973863875,1,0.3655057749349599,-1,0.2,12
0.6078303577358164,1,0.284649231109115,-1,0.2,120
0.7176411486033861,1,0.2635354456347534,-1,0.2,1200
0.6844000431671227,1,0.4986987954517071,-0.5,0.2,12
0.6366472830417478,1,0.5088146025967453,-0.5,0.2,120
0.72057248393948,1,0.39216859559762607,-0.5,0.2,1200
0.6997911888514401,1,0.4201746910157512,0,0.2,12
0.6697208570718196,1,0.41558326195520956,0,0.2,120
0.7064466850972068,1,0.49517855562084995,0,0.2,1200
0.6937921243666861,1,0.5578899502292295,0.5,0.2,12
0.747330521976794,1,0.5946535809797748,0.5,0.2,120
0.685097509214536,1,0.6278906079988886,0.5,0.2,1200
0.8474055638180513,1,0.46227611098688237,1,0.2,12
0.68070994937288265,1,0.5576366672061883,1,0.2,120
0.7047204540399934,1,0.7230299771223333,1,0.2,1200
0.7391299361353959,1,0.5558116987369889,5,0.2,12
0.6092995872813712,1,0.9197011162184343,5,0.2,120
0.6875710897721622,1,0.9828341296001977,5,0.2,1200
0.6153898547864821,1,0.5724353258273513,10,0.2,12
0.6753949556254167,1,0.9174509065703299,10,0.2,120
0.6982265340258047,1,0.985866200247105,10,0.2,1200
0.6165973323298111,3,0.2063660107336792,-10,0.2,12
0.7553358842982891,3,0.07282930448277103,-10,0.2,120
0.8383252656016994,3,0.007729400070449718,-10,0.2,1200
0.6819637809656279,3,0.2313583528235067,-5,0.2,12
0.8545430233893021,3,0.05923679309237319,-5,0.2,120
0.8545386225689238,3,0.026968182069636963,-5,0.2,1200
0.6789990327923489,3,0.44411989839704624,-1,0.2,12
0.8941687750867061,3,0.3838645610608585,-1,0.2,120
0.8948243309346798,3,0.3641844137800981,-1,0.2,1200
0.8486220853311187,3,0.5266304957989659,-0.5,0.2,12
0.8649482448311276,3,0.4049590296581046,-0.5,0.2,120
0.9046014239137586,3,0.44489670510405877,-0.5,0.2,1200
0.7365025805352483,3,0.4362883558121153,0,0.2,12
0.8700322192066706,3,0.5328306151060426,0,0.2,120
0.9157415082166069,3,0.5253145519061537,0,0.2,1200
0.6722665116520761,3,0.5719680919655704,0.5,0.2,12
0.9103137577388501,3,0.5678976962868504,0.5,0.2,120
0.8837682249576786,3,0.5453870423859054,0.5,0.2,1200
0.8505313612811973,3,0.47805619724783555,1,0.2,12
0.9134104865990151,3,0.726910653990607,1,0.2,120
0.9024159299553212,3,0.6702305471544855,1,0.2,1200
0.7319844715982167,3,0.6202931047465281,5,0.2,12
0.8261166881372384,3,0.964670588512627,5,0.2,120
0.8728760513308839,3,0.9722237672223091,5,0.2,1200
0.6657165609855538,3,0.7588499294603834,10,0.2,12
0.8760199884186972,3,0.963884527819354,10,0.2,120
0.8563181311506912,3,0.9946331047215969,10,0.2,1200
0.7506494899666799,5,0.2633489452844014,-10,0.2,12
0.8411069729610648,5,0.05072889607229721,-10,0.2,120
0.877990633893258,5,0.005318408585584627,-10,0.2,1200
0.6722013941809641,5,0.3925954747724318,-5,0.2,12
0.8592559042390584,5,0.15073893959031853,-5,0.2,120
0.893360941868319,5,0.10607737922560433,-5,0.2,1200
0.7893394911184081,5,0.6097577642354748,-1,0.2,12
0.9298969243819782,5,0.47358897236295766,-1,0.2,120
0.937905913222043,5,0.46328728452388035,-1,0.2,1200
0.8397924883688327,5,0.6056937200390125,-0.5,0.2,12
0.92255083993633,5,0.5114136402220327,-0.5,0.2,120
0.9406860946939,5,0.47646106102906416,-0.5,0.2,1200
0.84172532862595,5,0.42105087898289756,0,0.2,12
0.9290324118218306,5,0.5582744888764776,0,0.2,120
0.9417206750397785,5,0.49555231997869803,0,0.2,1200
0.8558419916078535,5,0.47626993515291643,0.5,0.2,12
0.9310330637657637,5,0.4691831703672463,0.5,0.2,120
0.9458020148401526,5,0.5134667571185627,0.5,0.2,1200
0.7378960701172548,5,0.48736242874449587,1,0.2,12
0.9007703902388905,5,0.5714908966012097,1,0.2,120
0.9408458513558782,5,0.5421792968712178,1,0.2,1200
0.7990451286099363,5,0.6453808009445446,5,0.2,12
0.8656323358523214,5,0.8408776758624468,5,0.2,120
0.9023544338791498,5,0.8921801784090548,5,0.2,1200
0.7486107103948885,5,0.6282609779164688,10,0.2,12
0.8389391822463862,5,0.9551177319371787,10,0.2,120
0.9109171979997397,5,0.996640824747265,10,0.2,1200
0.3752999552701446,-5,0.3488674671852117,-10,0.30000000000000004,12
0.1969166394174759,-5,0.06033743648496585,-10,0.30000000000000004,120
0.17252512083352547,-5,0.007394210364350105,-10,0.30000000000000004,1200
0.2109150093912992,-5,0.5627095251728982,-5,0.30000000000000004,12
0.15558408670269466,-5,0.23915437997676378,-5,0.30000000000000004,120
0.13011300578589746,-5,0.13681866354999792,-5,0.30000000000000004,1200
0.2530352269844055,-5,0.4711021218641638,-1,0.30000000000000004,12
0.14286267032293254,-5,0.3930718221096608,-1,0.30000000000000004,120
0.0763932561593486,-5,0.5081813107200471,-1,0.30000000000000004,1200
0.2641910142800402,-5,0.5496619288257556,-0.5,0.30000000000000004,12
0.09921605108577077,-5,0.5344312939423549,-0.5,0.30000000000000004,120
0.08001034194561404,-5,0.4937625430349978,-0.5,0.30000000000000004,1200
0.15605066109718288,-5,0.5698235304474716,0,0.30000000000000004,12
0.1255651069153648,-5,0.4127299142833898,0,0.30000000000000004,120
0.08714929549635587,-5,0.4874399178819619,0,0.30000000000000004,1200
0.16112459214576705,-5,0.5842313143521957,0.5,0.30000000000000004,12
0.0778893639647175,-5,0.5974504233601738,0.5,0.30000000000000004,120
0.11714714843917808,-5,0.4832459059823711,0.5,0.30000000000000004,1200
0.2044644268537471,-5,0.5713184733854215,1,0.30000000000000004,12
0.1370230716122738,-5,0.43758145581278807,1,0.30000000000000004,120
0.09878319345666373,-5,0.5541267534472456,1,0.30000000000000004,1200
0.3148737739085518,-5,0.6284570076947245,5,0.30000000000000004,12
0.1547997890827335,-5,0.8449593959875079,5,0.30000000000000004,120
0.1366131945186181,-5,0.8634868678952266,5,0.30000000000000004,1200
0.30554177838991703,-5,0.6186064991606881,10,0.30000000000000004,12
0.2194639670082249,-5,0.9463156599888647,10,0.30000000000000004,120
0.1461569331348727,-5,0.9943970921855829,10,0.30000000000000004,1200
0.2568422093934283,-3,0.324690334915484,-10,0.30000000000000004,12
0.19484190810642155,-3,0.055074196106347784,-10,0.30000000000000004,120
0.218558484085953,-3,0.00831949183179835,-10,0.30000000000000004,1200
0.48863375303844003,-3,0.22726167064540498,-5,0.30000000000000004,12
0.2070727083823799,-3,0.09566319139430642,-5,0.30000000000000004,120
0.19167297643706105,-3,0.028364637298086293,-5,0.30000000000000004,1200
0.14376893441496724,-3,0.5017792634290541,-1,0.30000000000000004,12
0.1600653641855418,-3,0.3779754275714678,-1,0.30000000000000004,120
0.13258535422853346,-3,0.35119563453843766,-1,0.30000000000000004,1200
0.14906317128609622,-3,0.4913512501270558,-0.5,0.30000000000000004,12
0.1443077465326953,-3,0.4039798470713169,-0.5,0.30000000000000004,120
0.1386319152091203,-3,0.4325743295983023,-0.5,0.30000000000000004,1200
0.2658083541323654,-3,0.7120367232334556,0,0.30000000000000004,12
0.1442531323323372,-3,0.5052191188018941,0,0.30000000000000004,120
0.12899342455167662,-3,0.4860701604253104,0,0.30000000000000004,1200
0.264709425631373,-3,0.4058307091218935,0.5,0.30000000000000004,12
0.1384133871902131,-3,0.497318350353064,0.5,0.30000000000000004,120
0.1306571816444459,-3,0.5254795707503009,0.5,0.30000000000000004,1200
0.19768298004181106,-3,0.5286699421218051,1,0.30000000000000004,12
0.19858100011197244,-3,0.5779307264421281,1,0.30000000000000004,120
0.14348517229085156,-3,0.5928027635187043,1,0.30000000000000004,1200
0.2665234373603686,-3,0.7733881764498606,5,0.30000000000000004,12
0.22738579230035433,-3,0.9203674678049123,5,0.30000000000000004,120
0.19362435188840227,-3,0.9602661050029704,5,0.30000000000000004,1200
0.3221397051342782,-3,0.7595923716372768,10,0.30000000000000004,12
0.1808826016816454,-3,0.9543157121932743,10,0.30000000000000004,120
0.1946982355591595,-3,0.9926605976176387,10,0.30000000000000004,1200
0.2871012700890203,-1,0.3502107635962027,-10,0.30000000000000004,12
0.36671896955136074,-1,0.08033179786435375,-10,0.30000000000000004,120
0.3676753849164302,-1,0.012214769299680043,-10,0.30000000000000004,1200
0.5012166955694068,-1,0.2683217723319411,-5,0.30000000000000004,12
0.4538166435548259,-1,0.11268690540104472,-5,0.30000000000000004,120
0.3563451856458666,-1,0.01634851558503057,-5,0.30000000000000004,1200
0.3128633707908011,-1,0.4384989499644624,-1,0.30000000000000004,12
0.32687988369003645,-1,0.3346658683652864,-1,0.30000000000000004,120
0.33243842187512257,-1,0.2785716475322886,-1,0.30000000000000004,1200
0.3223185944134861,-1,0.6746015768754609,-0.5,0.30000000000000004,12
0.32880559725615827,-1,0.3996347074570326,-0.5,0.30000000000000004,120
0.28915988798619013,-1,0.4195246413160352,-0.5,0.30000000000000004,1200
0.49606354172794326,-1,0.49992278065364426,0,0.30000000000000004,12
0.33463861146740986,-1,0.6207935746631158,0,0.30000000000000004,120
0.3129569984902688,-1,0.5182129887086669,0,0.30000000000000004,1200
0.2007331885058088,-1,0.502550202003053,0.5,0.30000000000000004,12
0.2886197272376373,-1,0.502154709184477,0.5,0.30000000000000004,120
0.31605691582271406,-1,0.6353714341386453,0.5,0.30000000000000004,1200
0.2577361082765338,-1,0.6540343049006447,1,0.30000000000000004,12
0.34801533509314964,-1,0.6321321505308598,1,0.30000000000000004,120
0.3052486052990918,-1,0.7529442316370433,1,0.30000000000000004,1200
0.2690430259334104,-1,0.7034232485653167,5,0.30000000000000004,12
0.3549732994661799,-1,0.9203332634278066,5,0.30000000000000004,120
0.33861148410591446,-1,0.9798772354165078,5,0.30000000000000004,1200
0.4112709115345663,-1,0.7412371893943939,10,0.30000000000000004,12
0.35664162651333325,-1,0.9167964770796223,10,0.30000000000000004,120
0.3183800328028213,-1,0.9894325749688152,10,0.30000000000000004,1200
0.4995795720795513,-0.5,0.35527954966194003,-10,0.30000000000000004,12
0.4097458771677204,-0.5,0.06581889280404192,-10,0.30000000000000004,120
0.4163734224766987,-0.5,0.01256391634696989,-10,0.30000000000000004,1200
0.45390930192731643,-0.5,0.2803692353970679,-5,0.30000000000000004,12
0.40275009199727096,-0.5,0.10399277691178976,-5,0.30000000000000004,120
0.4435601858386693,-0.5,0.019009684178481315,-5,0.30000000000000004,1200
0.6232777655608397,-0.5,0.5004792295470167,-1,0.30000000000000004,12
0.330419729185784,-0.5,0.27889941438256005,-1,0.30000000000000004,120
0.4073308023927396,-0.5,0.26558767756655144,-1,0.30000000000000004,1200
0.43042560579619676,-0.5,0.5046139088072713,-0.5,0.30000000000000004,12
0.3646955316827333,-0.5,0.4392868368510164,-0.5,0.30000000000000004,120
0.39728829804473625,-0.5,0.31534547250557265,-0.5,0.30000000000000004,1200
0.3104826607687653,-0.5,0.4533141372924723,0,0.30000000000000004,12
0.3844656324367102,-0.5,0.4531763645057776,0,0.30000000000000004,120
0.4117565836592136,-0.5,0.5273386625531055,0,0.30000000000000004,1200
0.31791795903240905,-0.5,0.4947337275213816,0.5,0.30000000000000004,12
0.37082752557529414,-0.5,0.5285432266974653,0.5,0.30000000000000004,120
0.39626859543466075,-0.5,0.6614898977082452,0.5,0.30000000000000004,1200
0.30643700380224836,-0.5,0.5397138550495681,1,0.30000000000000004,12
0.3720898586949662,-0.5,0.7494011565568649,1,0.30000000000000004,120
0.40931645937291766,-0.5,0.7207654294257855,1,0.30000000000000004,1200
0.4945072054300781,-0.5,0.5999823868463345,5,0.30000000000000004,12
0.5207366367518872,-0.5,0.9087551914074931,5,0.30000000000000004,120
0.39591150657583757,-0.5,0.9819071955191323,5,0.30000000000000004,1200
0.684562247769326,-0.5,0.7073014293720743,10,0.30000000000000004,12
0.3951490308427398,-0.5,0.9267511146133353,10,0.30000000000000004,120
0.4546409099090266,-0.5,0.9855599594711708,10,0.30000000000000004,1200
0.49796113250271257,0,0.35199160831481446,-10,0.30000000000000004,12
0.5656720625415914,0,0.0883503754179888,-10,0.30000000000000004,120
0.4846596651191545,0,0.013779513013267318,-10,0.30000000000000004,1200
0.6061009898931485,0,0.282591841258144,-5,0.30000000000000004,12
0.559317387861179,0,0.10746225423761631,-5,0.30000000000000004,120
0.4758883285539464,0,0.02173281330410098,-5,0.30000000000000004,1200
0.39305617098258483,0,0.38369963784219085,-1,0.30000000000000004,12
0.48660942517735584,0,0.2481421595568701,-1,0.30000000000000004,120
0.4961575775894815,0,0.30353524135926624,-1,0.30000000000000004,1200
0.4391598426722726,0,0.582808644272663,-0.5,0.30000000000000004,12
0.4900791499318925,0,0.39999125197519914,-0.5,0.30000000000000004,120
0.5050213789621931,0,0.38642412807710363,-0.5,0.30000000000000004,1200
0.49992384920689703,0,0.4981706111292811,0,0.30000000000000004,12
0.43441380542023683,0,0.582012815490975,0,0.30000000000000004,120
0.4812077328103654,0,0.5496140967350249,0,0.30000000000000004,1200
0.4870391206352978,0,0.6219944933671138,0.5,0.30000000000000004,12
0.4666555203861086,0,0.6337303832506438,0.5,0.30000000000000004,120
0.48417000805000165,0,0.6096034209158703,0.5,0.30000000000000004,1200
0.5653537523453216,0,0.5852274377748972,1,0.30000000000000004,12
0.5017034607058884,0,0.6973548284491337,1,0.30000000000000004,120
0.4975283581803372,0,0.6961363543616426,1,0.30000000000000004,1200
0.3115308110663398,0,0.7536794752756472,5,0.30000000000000004,12
0.471422713211638,0,0.9142098094641482,5,0.30000000000000004,120
0.5341086934327247,0,0.9813031840614279,5,0.30000000000000004,1200
0.43943801897509666,0,0.5762546265466333,10,0.30000000000000004,12
0.48949592051314994,0,0.9096056600733677,10,0.30000000000000004,120
0.5050001868015309,0,0.9869324543723974,10,0.30000000000000004,1200
0.483442191138856,0.5,0.3476908911539113,-10,0.30000000000000004,12
0.6100947586524785,0.5,0.07151218706973421,-10,0.30000000000000004,120
0.5658518987764184,0.5,0.012644791573124252,-10,0.30000000000000004,1200
0.35674714455454504,0.5,0.2815536712192008,-5,0.30000000000000004,12
0.5800231438267928,0.5,0.08315350620276947,-5,0.30000000000000004,120
0.59689608640493,0.5,0.015506509559240374,-5,0.30000000000000004,1200
0.5667811468993561,0.5,0.5174503423370189,-1,0.30000000000000004,12
0.5572422400063297,0.5,0.3846533476279172,-1,0.30000000000000004,120
0.5768299391598604,0.5,0.2824014336044527,-1,0.30000000000000004,1200
0.567490168221045,0.5,0.34660488266136524,-0.5,0.30000000000000004,12
0.6091756197454463,0.5,0.27047045110564377,-0.5,0.30000000000000004,120
0.5880830363581551,0.5,0.3768923718120205,-0.5,0.30000000000000004,1200
0.4339528935774506,0.5,0.5737286037875451,0,0.30000000000000004,12
0.5729505885387296,0.5,0.5036327443878765,0,0.30000000000000004,120
0.5734332615602064,0.5,0.5411718549009703,0,0.30000000000000004,1200
0.66645372491137,0.5,0.6430799698271532,0.5,0.30000000000000004,12
0.5861204360269792,0.5,0.6422297846876001,0.5,0.30000000000000004,120
0.606021148297697,0.5,0.6418427084107725,0.5,0.30000000000000004,1200
0.43446264098344745,0.5,0.49917244704301406,1,0.30000000000000004,12
0.604416006376981,0.5,0.7154189450340798,1,0.30000000000000004,120
0.6126830262090285,0.5,0.7089696682616029,1,0.30000000000000004,1200
0.6795065409362967,0.5,0.6549121373373498,5,0.30000000000000004,12
0.5674774679462192,0.5,0.8972575828722922,5,0.30000000000000004,120
0.5557576531677493,0.5,0.9815240351093505,5,0.30000000000000004,1200
0.5553612901507173,0.5,0.579752531034322,10,0.30000000000000004,12
0.5713580593018549,0.5,0.9105621752225214,10,0.30000000000000004,120
0.5919851873023558,0.5,0.9879714319660391,10,0.30000000000000004,1200
0.7184706570481649,1,0.2802574108145543,-10,0.30000000000000004,12
0.6078615857652411,1,0.07562370686550852,-10,0.30000000000000004,120
0.657031043315408,1,0.011188827831317177,-10,0.30000000000000004,1200
0.5561928910856174,1,0.4196170105707333,-5,0.30000000000000004,12
0.6286824341762995,1,0.08706218521968469,-5,0.30000000000000004,120
0.6358561921827027,1,0.018686737349250866,-5,0.30000000000000004,1200
0.7122405071004426,1,0.35425841731171026,-1,0.30000000000000004,12
0.6710815584390893,1,0.29341987384923324,-1,0.30000000000000004,120
0.6784961096515011,1,0.28277049205721433,-1,0.30000000000000004,1200
0.5576086440512312,1,0.5705991767260732,-0.5,0.30000000000000004,12
0.6630609044288522,1,0.39948978780027844,-0.5,0.30000000000000004,120
0.6906544986808483,1,0.400810067424172,-0.5,0.30000000000000004,1200
0.6254590593654086,1,0.34948602992337363,0,0.30000000000000004,12
0.7604698520648469,1,0.5341772928024837,0,0.30000000000000004,120
0.6977886997521558,1,0.4957361749997181,0,0.30000000000000004,1200
0.6781643946628763,1,0.44123650382305635,0.5,0.30000000000000004,12
0.7205400198656695,1,0.6598338204831963,0.5,0.30000000000000004,120
0.6740180602177755,1,0.6121658284963296,0.5,0.30000000000000004,1200
0.7495526081981558,1,0.3728442243275741,1,0.30000000000000004,12
0.6278280619123023,1,0.7578840953021552,1,0.30000000000000004,120
0.6569979946588455,1,0.7011960132713542,1,0.30000000000000004,1200
0.6675180583584321,1,0.7093903840876306,5,0.30000000000000004,12
0.7006473321649029,1,0.8869053443903757,5,0.30000000000000004,120
0.6511135607221944,1,0.9884586871927449,5,0.30000000000000004,1200
0.45185294488169436,1,0.6900315262917968,10,0.30000000000000004,12
0.5620423506467859,1,0.9263432741713882,10,0.30000000000000004,120
0.6735163806601778,1,0.9874001509535424,10,0.30000000000000004,1200
0.7141458222328704,3,0.29693872662023046,-10,0.30000000000000004,12
0.7210519321109211,3,0.05892934919138769,-10,0.30000000000000004,120
0.8075776062785162,3,0.006561450489022165,-10,0.30000000000000004,1200
0.7710252646237512,3,0.28114574859900565,-5,0.30000000000000004,12
0.7448050003255812,3,0.08518962452127467,-5,0.30000000000000004,120
0.8016951141452366,3,0.027748078737095203,-5,0.30000000000000004,1200
0.7755538491981921,3,0.3384073515621893,-1,0.30000000000000004,12
0.8343790219125624,3,0.3767134051775155,-1,0.30000000000000004,120
0.8664872303535672,3,0.391401616223148,-1,0.30000000000000004,1200
0.6221815005329244,3,0.5009189307073282,-0.5,0.30000000000000004,12
0.8461669601587202,3,0.5312015868288731,-0.5,0.30000000000000004,120
0.8799638441623102,3,0.42748136036993534,-0.5,0.30000000000000004,1200
0.7938220202711239,3,0.457120706333965,0,0.30000000000000004,12
0.8605687330098175,3,0.47773601724128517,0,0.30000000000000004,120
0.8813759200835769,3,0.5037274282944477,0,0.30000000000000004,1200
0.5464481994572179,3,0.5886636543340114,0.5,0.30000000000000004,12
0.9225160090578761,3,0.5592400579046889,0.5,0.30000000000000004,120
0.8523543903709156,3,0.5594216653609074,0.5,0.30000000000000004,1200
0.7431299403631821,3,0.504171068481744,1,0.30000000000000004,12
0.8617509497595591,3,0.5407624730859766,1,0.30000000000000004,120
0.8562411319614941,3,0.6112074758274628,1,0.30000000000000004,1200
0.6472458452064499,3,0.6752825487284037,5,0.30000000000000004,12
0.7944815917429058,3,0.9245373210002037,5,0.30000000000000004,120
0.8085130574844169,3,0.97145171119322,5,0.30000000000000004,1200
0.5678838684843315,3,0.603092070545219,10,0.30000000000000004,12
0.7505355335917177,3,0.9399847722871131,10,0.30000000000000004,120
0.796345201573979,3,0.9922215988188415,10,0.30000000000000004,1200
0.7678010412665683,5,0.34386759428665425,-10,0.30000000000000004,12
0.8092435528228916,5,0.046369580864000275,-10,0.30000000000000004,120
0.8310376910278029,5,0.0070825407788452895,-10,0.30000000000000004,1200
0.8305614147302928,5,0.3660011170476786,-5,0.30000000000000004,12
0.8488280629530589,5,0.1897372106248849,-5,0.30000000000000004,120
0.8567568973092721,5,0.14102421881645255,-5,0.30000000000000004,1200
0.6789187010593676,5,0.4658861503528316,-1,0.30000000000000004,12
0.8927828650496544,5,0.46621010336636837,-1,0.30000000000000004,120
0.9033686925532529,5,0.48786626210534567,-1,0.30000000000000004,1200
0.7949809055499981,5,0.46595832797561865,-0.5,0.30000000000000004,12
0.9150220512371235,5,0.530723610102139,-0.5,0.30000000000000004,120
0.9094129513879566,5,0.4942532476377814,-0.5,0.30000000000000004,1200
0.7340942958670438,5,0.5494220332950996,0,0.30000000000000004,12
0.9005240421736092,5,0.5442851424344849,0,0.30000000000000004,120
0.9145503093383905,5,0.5049873298966715,0,0.30000000000000004,1200
0.7965544773494371,5,0.521824158590494,0.5,0.30000000000000004,12
0.8760182848111746,5,0.5713586611474321,0.5,0.30000000000000004,120
0.9067110514351132,5,0.499889147858325,0.5,0.30000000000000004,1200
0.7977164856172065,5,0.5532363727418986,1,0.30000000000000004,12
0.8697165973931797,5,0.48292683427613164,1,0.30000000000000004,120
0.8936194760229621,5,0.4879359412020435,1,0.30000000000000004,1200
0.6378506163541222,5,0.5466984758308274,5,0.30000000000000004,12
0.866513985735489,5,0.796398949128922,5,0.30000000000000004,120
0.845431498497357,5,0.8566047142444977,5,0.30000000000000004,1200
0.7055733501693703,5,0.6974883550648526,10,0.30000000000000004,12
0.7501137376914466,5,0.942977183577619,10,0.30000000000000004,120
0.8448660666062351,5,0.9923561199688912,10,0.30000000000000004,1200
0.36435963335145766,-5,0.2932384528966718,-10,0.4,12
0.22372346519327474,-5,0.05839446635146752,-10,0.4,120
0.24238863297934118,-5,0.011126611439770536,-10,0.4,1200
0.2539942511095834,-5,0.33703779693022334,-5,0.4,12
0.25792487877113085,-5,0.18625696095183764,-5,0.4,120
0.1650953250897256,-5,0.1468457342373,-5,0.4,1200
0.15265618227697478,-5,0.539574342329039,-1,0.4,12
0.13861589294722418,-5,0.4832895051662116,-1,0.4,120
0.13061258417381466,-5,0.4747607395327935,-1,0.4,1200
0.3375187699143423,-5,0.6449697554150715,-0.5,0.4,12
0.15473910790395967,-5,0.4587067851001699,-0.5,0.4,120
0.13887087722455926,-5,0.4579559147022018,-0.5,0.4,1200
0.2968266939334238,-5,0.3285577344028289,0,0.4,12
0.08505566721033922,-5,0.49243786247810223,0,0.4,120
0.1327591008525481,-5,0.4762960160416674,0,0.4,1200
0.3163138900518223,-5,0.5473528946945682,0.5,0.4,12
0.11704925852426437,-5,0.5638741216088864,0.5,0.4,120
0.12590051042928976,-5,0.515626373508144,0.5,0.4,1200
0.3151828241928173,-5,0.4279417991420029,1,0.4,12
0.0937023700508788,-5,0.6376563090258316,1,0.4,120
0.13448198187883417,-5,0.4983663983402006,1,0.4,1200
0.2598885628830624,-5,0.6520940778606276,5,0.4,12
0.1577245795438659,-5,0.7986049542294389,5,0.4,120
0.17441142574392218,-5,0.8436936809468727,5,0.4,1200
0.38477580235590647,-5,0.6239670191122203,10,0.4,12
0.23922028332597264,-5,0.9436778938573286,10,0.4,120
0.22589519829716487,-5,0.9919626117147452,10,0.4,1200
0.31592068452904526,-3,0.4051205654399287,-10,0.4,12
0.2919136906688376,-3,0.06934956874948976,-10,0.4,120
0.24447395270674352,-3,0.009199884638071075,-10,0.4,1200
0.25991177141435523,-3,0.48807231645712934,-5,0.4,12
0.18776935377967072,-3,0.06994574557345586,-5,0.4,120
0.23640241463891004,-3,0.03792620243084745,-5,0.4,1200
0.21426667352508885,-3,0.6074164968994881,-1,0.4,12
0.19797586149823684,-3,0.42186053613970276,-1,0.4,120
0.15847803738349248,-3,0.40046318234624684,-1,0.4,1200
0.25379640940566106,-3,0.37764789218584277,-0.5,0.4,12
0.14733765856825373,-3,0.5440033056280188,-0.5,0.4,120
0.15442307994191498,-3,0.45061911389206677,-0.5,0.4,1200
0.26648267982382967,-3,0.406132424544566,0,0.4,12
0.20993374619580063,-3,0.4593446601997978,0,0.4,120
0.1465921427917053,-3,0.4982041324787299,0,0.4,1200
0.22062886715330685,-3,0.6399364724218285,0.5,0.4,12
0.21066740257377792,-3,0.4996579398944768,0.5,0.4,120
0.16514628222139716,-3,0.5372962791743906,0.5,0.4,1200
0.4218716272090875,-3,0.3057802658328886,1,0.4,12
0.15838937469132228,-3,0.6215829465192494,1,0.4,120
0.1804703005728836,-3,0.6243675740620467,1,0.4,1200
0.40692215522309577,-3,0.7445346801073479,5,0.4,12
0.25847000920791086,-3,0.9223733234827455,5,0.4,120
0.2612729739557966,-3,0.96220579054095845,5,0.4,1200
0.2806246961716414,-3,0.7192552301988191,10,0.4,12
0.20706035591329736,-3,0.9366210995678492,10,0.4,120
0.2403526150493735,-3,0.9895887576494017,10,0.4,1200
0.39528161153060626,-1,0.2762793905728741,-10,0.4,12
0.40241900316932144,-1,0.08406716945129375,-10,0.4,120
0.391311681759061,-1,0.011870284779775753,-10,0.4,1200
0.386559943836882,-1,0.3137641206538803,-5,0.4,12
0.34830972594989074,-1,0.09101692285302011,-5,0.4,120
0.3651100222575534,-1,0.019928445166778917,-5,0.4,1200
0.22815474626278712,-1,0.3494176754550323,-1,0.4,12
0.259964567658105,-1,0.31364977341954525,-1,0.4,120
0.30757855240220977,-1,0.2848971067561475,-1,0.4,1200
0.31090838287218403,-1,0.28074737673604855,-0.5,0.4,12
0.38846043399741237,-1,0.537370379853714,-0.5,0.4,120
0.33237593734970916,-1,0.3624128450444847,-0.5,0.4,1200
0.43345123009880443,-1,0.4901334258235823,0,0.4,12
0.32864195575737587,-1,0.4967811413411666,0,0.4,120
0.33678885874527,-1,0.5031359585286771,0,0.4,1200
0.3701253776529154,-1,0.6162357498039108,0.5,0.4,12
0.3064965761368163,-1,0.45686355830481784,0.5,0.4,120
0.3363410624698593,-1,0.638207653535703,0.5,0.4,1200
0.5526372376180396,-1,0.5501503991506216,1,0.4,12
0.4678118612303799,-1,0.7055084940681803,1,0.4,120
0.34327706139492636,-1,0.6923892079345182,1,0.4,1200
0.43956472129038876,-1,0.5796643063057725,5,0.4,12
0.37268827693882567,-1,0.9052793408374125,5,0.4,120
0.3516873037250265,-1,0.9820771538346004,5,0.4,1200
0.3048131433252126,-1,0.7420948669290675,10,0.4,12
0.34522089558861174,-1,0.9150652431251792,10,0.4,120
0.3489979425863825,-1,0.9879153694583729,10,0.4,1200
0.40025075127471277,-0.5,0.33764375028959814,-10,0.4,12
0.40669010172572545,-0.5,0.0816388977454633,-10,0.4,120
0.4466802876645262,-0.5,0.014292280032350493,-10,0.4,1200
0.48733982401897413,-0.5,0.30555084197616517,-5,0.4,12
0.39143762194228254,-0.5,0.09594724429420973,-5,0.4,120
0.4376880294659569,-0.5,0.019425213130315734,-5,0.4,1200
0.6184436013630473,-0.5,0.3142823727582312,-1,0.4,12
0.475458595638369,-0.5,0.2105279221716447,-1,0.4,120
0.44408722958041585,-0.5,0.29823807270448227,-1,0.4,1200
0.47984192144522714,-0.5,0.30808258738188665,-0.5,0.4,12
0.3857067864091219,-0.5,0.3268046323648919,-0.5,0.4,120
0.40760118706977433,-0.5,0.34513053665354304,-0.5,0.4,1200
0.4402631880720116,-0.5,0.48785827284969335,0,0.4,12
0.4035637464410964,-0.5,0.45141504299160795,0,0.4,120
0.38932894385811273,-0.5,0.5223161872179705,0,0.4,1200
0.7348562321243498,-0.5,0.5852596550546385,0.5,0.4,12
0.2979266939356155,-0.5,0.49834657209687183,0.5,0.4,120
0.39934322762315366,-0.5,0.6496988667560162,0.5,0.4,1200
0.43596531047829007,-0.5,0.4036888506391014,1,0.4,12
0.5107556407322132,-0.5,0.7563278076646107,1,0.4,120
0.3847438163903402,-0.5,0.6721598947295585,1,0.4,1200
0.5349206119242351,-0.5,0.7190201901362233,5,0.4,12
0.45603603649423724,-0.5,0.9144752433213292,5,0.4,120
0.4148683423450312,-0.5,0.9751980978087696,5,0.4,1200
0.41774923809584413,-0.5,0.7662945330612444,10,0.4,12
0.46779342383806977,-0.5,0.913862414181011,10,0.4,120
0.4267484860134645,-0.5,0.986674493035106,10,0.4,1200
0.43184171176844577,0,0.40328666144546493,-10,0.4,12
0.4730898593178622,0,0.08210861693187699,-10,0.4,120
0.5196042692070871,0,0.01233509361834959,-10,0.4,1200
0.5008494598150247,0,0.3492248231324427,-5,0.4,12
0.45774946545199496,0,0.08505890671198485,-5,0.4,120
0.48741181688225,0,0.013624996355761997,-5,0.4,1200
0.4973246556253141,0,0.4987636306679733,-1,0.4,12
0.4915975897348001,0,0.3780324339219077,-1,0.4,120
0.4984816564395583,0,0.2855843813935935,-1,0.4,1200
0.6183357824317919,0,0.44666571406874445,-0.5,0.4,12
0.5868158845646625,0,0.27575363498287725,-0.5,0.4,120
0.4946996378622041,0,0.35478782634236683,-0.5,0.4,1200
0.6444639433055102,0,0.37630428374784297,0,0.4,12
0.45980879217478593,0,0.5084474081784892,0,0.4,120
0.5236142105050062,0,0.49520561306492583,0,0.4,1200
0.5146502743255931,0,0.6231919331203418,0.5,0.4,12
0.5228033289983102,0,0.5432123981313567,0.5,0.4,120
0.46939825026200854,0,0.5789331129789795,0.5,0.4,1200
0.625515452403715,0,0.5861809672175061,1,0.4,12
0.49034745638886185,0,0.7396038110124993,1,0.4,120
0.48953594248662247,0,0.7155578235717323,1,0.4,1200
0.5381762590752944,0,0.6962018566180653,5,0.4,12
0.4565635285585081,0,0.9150222997732536,5,0.4,120
0.4998826139635472,0,0.9801608939080968,5,0.4,1200
0.5466660714307405,0,0.6448988944623226,10,0.4,12
0.4939273851152344,0,0.9190831718262611,10,0.4,120
0.4853817004034858,0,0.9860473941894605,10,0.4,1200
0.46061786867479726,0.5,0.27435268324795786,-10,0.4,12
0.547224628232669,0.5,0.07412532236089425,-10,0.4,120
0.5620436897126823,0.5,0.01390820308729946,-10,0.4,1200
0.5764628812104525,0.5,0.29682256546919705,-5,0.4,12
0.5612947580058413,0.5,0.0785970485890024,-5,0.4,120
0.5438236456031967,0.5,0.01989180516217956,-5,0.4,1200
0.6576945754437779,0.5,0.2791712215340489,-1,0.4,12
0.5279620699204316,0.5,0.31565388315751897,-1,0.4,120
0.5805465019737241,0.5,0.24950561231745338,-1,0.4,1200
0.5668136846690143,0.5,0.5943423809365437,-0.5,0.4,12
0.6273931050409853,0.5,0.39063214753821623,-0.5,0.4,120
0.571998662773313,0.5,0.3583891464928713,-0.5,0.4,1200
0.688886269889213,0.5,0.5523704745107556,0,0.4,12
0.6222993226346597,0.5,0.5586112442118375,0,0.4,120
0.6056512617859393,0.5,0.48925764116819886,0,0.4,1200
0.5857742319926257,0.5,0.6669854820607366,0.5,0.4,12
0.5408284123134712,0.5,0.560515000584862,0.5,0.4,120
0.5788982154735797,0.5,0.6540534629467497,0.5,0.4,1200
0.4549256585691865,0.5,0.6382922101783848,1,0.4,12
0.5346812418650624,0.5,0.6618098672539003,1,0.4,120
0.5891686462194031,0.5,0.7038799743840483,1,0.4,1200
0.3770027185826783,0.5,0.6837651282083256,5,0.4,12
0.5584547508927233,0.5,0.9140696968823145,5,0.4,120
0.5525573482039554,0.5,0.9816247027322264,5,0.4,1200
0.6682287243036976,0.5,0.7055697861248147,10,0.4,12
0.5863191511529395,0.5,0.9300584912221189,10,0.4,120
0.606397287480236,0.5,0.9863837045946384,10,0.4,1200
0.6221354755510211,1,0.3967067960403128,-10,0.4,12
0.5672395043697435,1,0.09136767844042692,-10,0.4,120
0.6344045329141841,1,0.011704138387943562,-10,0.4,1200
0.7739282538081246,1,0.3522147306874822,-5,0.4,12
0.5932374167254251,1,0.075638676509411,-5,0.4,120
0.6577221764762633,1,0.01975736928362657,-5,0.4,1200
0.5799059914888225,1,0.41040565131441653,-1,0.4,12
0.707706261757827,1,0.2317138868004206,-1,0.4,120
0.6660454579668307,1,0.28780611057172484,-1,0.4,1200
0.6321359069094452,1,0.5378508668286079,-0.5,0.4,12
0.6404561219194361,1,0.3255609764507074,-0.5,0.4,120
0.6376002573866234,1,0.3793225219108309,-0.5,0.4,1200
0.44446688459619665,1,0.4248330891998484,0,0.4,12
0.6834354345298386,1,0.54545697218907,0,0.4,120
0.668212851253557,1,0.46751874003843336,0,0.4,1200
0.7975820454398933,1,0.4666330657613631,0.5,0.4,12
0.7118040758235363,1,0.5444864377568202,0.5,0.4,120
0.6509399680043106,1,0.5654007002848032,0.5,0.4,1200
0.6187277207037543,1,0.4937545344115711,1,0.4,12
0.660837101496793,1,0.6325010783305126,1,0.4,120
0.6661740725615057,1,0.6981983033837353,1,0.4,1200
0.4994743390763741,1,0.6502664913605554,5,0.4,12
0.6469137998875977,1,0.9086150541823376,5,0.4,120
0.628100094835751,1,0.9728435384438748,5,0.4,1200
0.46691324340151663,1,0.679475008356694,10,0.4,12
0.6079382512864321,1,0.9294926421139914,10,0.4,120
0.6496911891824831,1,0.9881755584119641,10,0.4,1200
0.7298414319148085,3,0.40239700115409177,-10,0.4,12
0.738221218811016,3,0.06227380277594863,-10,0.4,120
0.7476811227723765,3,0.009807845671420517,-10,0.4,1200
0.5066951582171,3,0.4110722967876489,-5,0.4,12
0.7556203640445841,3,0.07586641555024258,-5,0.4,120
0.7557344874667454,3,0.04716678517996579,-5,0.4,1200
0.7683782287763588,3,0.6460418832498497,-1,0.4,12
0.8922272208544775,3,0.3063549817466999,-1,0.4,120
0.831313134966405,3,0.4210695940239842,-1,0.4,1200
0.8422104887422183,3,0.4417006978723657,-0.5,0.4,12
0.8239049430702476,3,0.40215641260141205,-0.5,0.4,120
0.8352035856347881,3,0.44357388367026396,-0.5,0.4,1200
0.49125306982795985,3,0.5912870193741403,0,0.4,12
0.840563169276098,3,0.47424844494840657,0,0.4,120
0.8400631323773413,3,0.5317225717803082,0,0.4,1200
0.7981410895077296,3,0.531450128121971,0.5,0.4,12
0.7921185745690336,3,0.672117768853765,0.5,0.4,120
0.8288111052856091,3,0.5260626680278552,0.5,0.4,1200
0.7441396923553087,3,0.46807279079595715,1,0.4,12
0.8126333409657771,3,0.44349961828686635,1,0.4,120
0.8453127277767056,3,0.5909064687974531,1,0.4,1200
0.4928574726501607,3,0.658217645747853,5,0.4,12
0.7467506771114966,3,0.9005886526474776,5,0.4,120
0.7922547132792255,3,0.9588225979000045,5,0.4,1200
0.7372856659519904,3,0.6806258338479372,10,0.4,12
0.7300806439563418,3,0.9113023262444179,10,0.4,120
0.7526049006585206,3,0.9903655095191891,10,0.4,1200
0.7358893453595916,5,0.31427352935634256,-10,0.4,12
0.7542109624230638,5,0.04818035141884167,-10,0.4,120
0.7957441101920963,5,0.010113140011685734,-10,0.4,1200
0.7115256496966175,5,0.35763803396036686,-5,0.4,12
0.7910097502601611,5,0.2695617987303273,-5,0.4,120
0.8014552237770887,5,0.15386966614397213,-5,0.4,1200
0.7306080063436844,5,0.40316642161452926,-1,0.4,12
0.8773803586580157,5,0.46940988929485106,-1,0.4,120
0.8861792545433202,5,0.469166274433536,-1,0.4,1200
0.7418277296763167,5,0.4529146036288876,-0.5,0.4,12
0.8218826493467479,5,0.46730544572243654,-0.5,0.4,120
0.8729159748044134,5,0.4847698978350231,-0.5,0.4,1200
0.6131453691822232,5,0.36385634892462854,0,0.4,12
0.8374422687996822,5,0.5488736816762966,0,0.4,120
0.8835387534810811,5,0.5056034997382147,0,0.4,1200
0.6124519722300132,5,0.7308233626535107,0.5,0.4,12
0.8847019074122239,5,0.51975875709845,0.5,0.4,120
0.8828680421244187,5,0.5084445272720725,0.5,0.4,1200
0.760347734262727,5,0.3330878410053499,1,0.4,12
0.8910536496994859,5,0.5545392710899444,1,0.4,120
0.8826628115063359,5,0.532199685578097,1,0.4,1200
0.6799555390168075,5,0.6802339031752599,5,0.4,12
0.7747942733379637,5,0.8184126808222216,5,0.4,120
0.8070687925580152,5,0.846760656275144,5,0.4,1200
0.6002436071700867,5,0.7163825384094579,10,0.4,12
0.7322348116527981,5,0.9553942509372556,10,0.4,120
0.7821107615798493,5,0.9922698133378787,10,0.4,1200
0.37561880807434983,-5,0.3453348997626364,-10,0.5,12
0.30098027416212314,-5,0.0742466563809422,-10,0.5,120
0.22594073444618282,-5,0.008123442498514214,-10,0.5,1200
0.30653697294394056,-5,0.40349934463051024,-5,0.5,12
0.20353470750116182,-5,0.19631927177694533,-5,0.5,120
0.2263260691618262,-5,0.19337078422615342,-5,0.5,1200
0.5380279517308367,-5,0.6993350368415129,-1,0.5,12
0.2186986715979475,-5,0.527987075922624,-1,0.5,120
0.14828075888762712,-5,0.46397866147666694,-1,0.5,1200
0.26545917765685473,-5,0.5891338628800282,-0.5,0.5,12
0.16869286377754739,-5,0.5043762719279504,-0.5,0.5,120
0.17653096025299067,-5,0.47148588374240674,-0.5,0.5,1200
0.15547738957111848,-5,0.4243453943749469,0,0.5,12
0.20004961034664487,-5,0.5126746325061966,0,0.5,120
0.14927837469724714,-5,0.501621055756858,0,0.5,1200
0.2697526593841937,-5,0.6146510551904776,0.5,0.5,12
0.0844217728432395,-5,0.5274628833823561,0.5,0.5,120
0.1583117001642615,-5,0.5043891367286183,0.5,0.5,1200
0.19836438869605638,-5,0.49811236429534095,1,0.5,12
0.2266272102120807,-5,0.48854987454675536,1,0.5,120
0.14694377458421035,-5,0.49154136977372326,1,0.5,1200
0.44813172380639993,-5,0.5842967919497455,5,0.5,12
0.27800231246311863,-5,0.8076998370069326,5,0.5,120
0.22681311720491257,-5,0.7978492739889457,5,0.5,1200
0.2064050637984341,-5,0.7034719514008778,10,0.5,12
0.3227588268229826,-5,0.9324475906582824,10,0.5,120
0.28198794758602497,-5,0.9853256700689375,10,0.5,1200
0.2659106658084635,-3,0.43438763265879865,-10,0.5,12
0.29256642819883716,-3,0.06293915478683342,-10,0.5,120
0.3046575554642251,-3,0.010560363717918698,-10,0.5,1200
0.3735193555412952,-3,0.3469757491982203,-5,0.5,12
0.3354741003779634,-3,0.1886072663632743,-5,0.5,120
0.2671329453048448,-3,0.04174940273673151,-5,0.5,1200
0.31317180538828465,-3,0.3494706356862413,-1,0.5,12
0.2558780842132748,-3,0.47395021923281216,-1,0.5,120
0.2047218095388938,-3,0.40184298101913707,-1,0.5,1200
0.322409817571223,-3,0.544212137153572,-0.5,0.5,12
0.23445102974575177,-3,0.3959496281020883,-0.5,0.5,120
0.22938581057066382,-3,0.46756928356522576,-0.5,0.5,1200
0.3783707545905755,-3,0.5584915834777116,0,0.5,12
0.25601203813022655,-3,0.4974622421439103,0,0.5,120
0.20587168154499114,-3,0.5105740877041188,0,0.5,1200
0.3307713528262471,-3,0.38907335434465773,0.5,0.5,12
0.21764370041698067,-3,0.5953369114700915,0.5,0.5,120
0.22395470207126955,-3,0.5429949793273742,0.5,0.5,1200
0.42373566594399276,-3,0.700936249924802,1,0.5,12
0.18651322907258025,-3,0.5889759938095149,1,0.5,120
0.2245744272633513,-3,0.5812570588741091,1,0.5,1200
0.35833822011498345,-3,0.6763868398872386,5,0.5,12
0.3563511179011498,-3,0.8864744414155339,5,0.5,120
0.2536531228983765,-3,0.9648778435236101,5,0.5,1200
0.38287501759332365,-3,0.691112678436905,10,0.5,12
0.29795301331776297,-3,0.9363252060006109,10,0.5,120
0.27544981025000953,-3,0.9896474924112509,10,0.5,1200
0.37209363113525684,-1,0.3911028285369448,-10,0.5,12
0.3984409493002286,-1,0.07441891478666882,-10,0.5,120
0.4238401244774238,-1,0.012499009467043125,-10,0.5,1200
0.3003190149369055,-1,0.28753881853953883,-5,0.5,12
0.36126209486501415,-1,0.12231817578773121,-5,0.5,120
0.3699139674362635,-1,0.02468973872709273,-5,0.5,1200
0.43418124942612923,-1,0.5008490003490595,-1,0.5,12
0.38262388760028015,-1,0.30459902756251706,-1,0.5,120
0.3590646799327583,-1,0.25224440096465917,-1,0.5,1200
0.40779234451454155,-1,0.6756187508623255,-0.5,0.5,12
0.37433659959247473,-1,0.31006524517163825,-0.5,0.5,120
0.3397619320298515,-1,0.4065663378126048,-0.5,0.5,1200
0.5004206239898753,-1,0.49580616264397576,0,0.5,12
0.42883197586697025,-1,0.36927064390731806,0,0.5,120
0.31518278870577837,-1,0.49097073830665017,0,0.5,1200
0.43636134417034134,-1,0.42257506370457637,0.5,0.5,12
0.31300780253318655,-1,0.5380014358811969,0.5,0.5,120
0.3481400839045586,-1,0.5587330722560347,0.5,0.5,1200
0.3714287238042567,-1,0.5670353634286535,1,0.5,12
0.3334518865792346,-1,0.67650358126359,1,0.5,120
0.34587939776667426,-1,0.7158754795600546,1,0.5,1200
0.47389959691614625,-1,0.6830934964141702,5,0.5,12
0.36743026730779665,-1,0.9081409418216877,5,0.5,120
0.4030867823263036,-1,0.9760523210797432,5,0.5,1200
0.33265055295867574,-1,0.7305666846140995,10,0.5,12
0.36075576074448595,-1,0.9452304610210907,10,0.5,120
0.3860772390947645,-1,0.9862903727026797,10,0.5,1200
0.375969202895616,-0.5,0.4288821086281092,-10,0.5,12
0.4309084564150164,-0.5,0.08761978302834335,-10,0.5,120
0.44654697553035,-0.5,0.01288169868612087,-10,0.5,1200
0.32926431260601846,-0.5,0.2584817370418564,-5,0.5,12
0.42756502663699525,-0.5,0.08271550995038256,-5,0.5,120
0.4289080764456032,-0.5,0.02126861141312453,-5,0.5,1200
0.2204384757018231,-0.5,0.3487524298997372,-1,0.5,12
0.48264313468710385,-0.5,0.1443214117241494,-1,0.5,120
0.41329839810524643,-0.5,0.25948945633990717,-1,0.5,1200
0.38210901388461427,-0.5,0.5703087990654586,-0.5,0.5,12
0.44982623752536444,-0.5,0.3475315549936939,-0.5,0.5,120
0.44169631809586224,-0.5,0.33771375447266383,-0.5,0.5,1200
0.6092987303380665,-0.5,0.43116218586523297,0,0.5,12
0.39487593684534306,-0.5,0.5050485426001708,0,0.5,120
0.41311400409648946,-0.5,0.4918894712137441,0,0.5,1200
0.5053400689590619,-0.5,0.5910016545498867,0.5,0.5,12
0.39421418285001086,-0.5,0.5894647581379207,0.5,0.5,120
0.4172296682044884,-0.5,0.6175601520261327,0.5,0.5,1200
0.5684347500860641,-0.5,0.496413917783953,1,0.5,12
0.44545709707605124,-0.5,0.726952411176578,1,0.5,120
0.43349321477961855,-0.5,0.7116120046080727,1,0.5,1200
0.6067625642194265,-0.5,0.7134530668915607,5,0.5,12
0.3853947159857298,-0.5,0.9084853067183969,5,0.5,120
0.4509043221618538,-0.5,0.9860353313578059,5,0.5,1200
0.2819864786776451,-0.5,0.7326140984859296,10,0.5,12
0.40371163630660667,-0.5,0.9227674603067147,10,0.5,120
0.45726957691300446,-0.5,0.9858506287334892,10,0.5,1200
0.5155829207415136,0,0.3520684762981479,-10,0.5,12
0.5112657662784131,0,0.10366164584858785,-10,0.5,120
0.5047986516290623,0,0.014982666400641267,-10,0.5,1200
0.36868592485724955,0,0.25127967804194073,-5,0.5,12
0.4842261168559623,0,0.07975050242920127,-5,0.5,120
0.5049900935621743,0,0.021057163138984446,-5,0.5,1200
0.4341713496518174,0,0.398508823434736,-1,0.5,12
0.4635062883211094,0,0.353121209616114,-1,0.5,120
0.5142692294363636,0,0.3039529512005721,-1,0.5,1200
0.5735040419141988,0,0.3984998438129442,-0.5,0.5,12
0.504720289596579,0,0.2978709869900583,-0.5,0.5,120
0.5114159918659469,0,0.34818097061006703,-0.5,0.5,1200
0.6293383417149594,0,0.652491303279232,0,0.5,12
0.5119152834198262,0,0.4105500682929411,0,0.5,120
0.4884301420764489,0,0.45145455672291795,0,0.5,1200
0.424711837362048,0,0.4019803338735272,0.5,0.5,12
0.5545280285642699,0,0.4366970464708679,0.5,0.5,120
0.49817805014027877,0,0.6145294749219865,0.5,0.5,1200
0.3142068127700886,0,0.5445434889868287,1,0.5,12
0.5241832196125731,0,0.7422740904152835,1,0.5,120
0.5124737291619401,0,0.7234122551878456,1,0.5,1200
0.41687121753592615,0,0.7071480750414469,5,0.5,12
0.4586157592349322,0,0.9284875936062534,5,0.5,120
0.5159753059472462,0,0.9791926159103228,5,0.5,1200
0.4311623092090991,0,0.5994776555599002,10,0.5,12
0.5151909540342324,0,0.9347550183368996,10,0.5,120
0.48161347086277323,0,0.98607246417142,10,0.5,1200
0.3872242539709131,0.5,0.38273530027008373,-10,0.5,12
0.5076555368595727,0.5,0.08447723176764978,-10,0.5,120
0.5574463998750363,0.5,0.013435167374331489,-10,0.5,1200
0.4322637178187333,0.5,0.40174908046259344,-5,0.5,12
0.5864812348891548,0.5,0.07320708659984351,-5,0.5,120
0.5456618978794254,0.5,0.018242147738493975,-5,0.5,1200
0.5391701076164205,0.5,0.603655129198895,-1,0.5,12
0.5783166058667292,0.5,0.23895340537798332,-1,0.5,120
0.5998706478069867,0.5,0.2779980385656078,-1,0.5,1200
0.49673831100249827,0.5,0.586761183854175,-0.5,0.5,12
0.5601083924886943,0.5,0.3024085300505053,-0.5,0.5,120
0.587910882121541,0.5,0.42624907348748986,-0.5,0.5,1200
0.507454565636706,0.5,0.5698138372648898,0,0.5,12
0.5782909252632011,0.5,0.5188836207408736,0,0.5,120
0.5636143399191006,0.5,0.5037539165273169,0,0.5,1200
0.5112285199157317,0.5,0.62061781889809,0.5,0.5,12
0.5158292763634763,0.5,0.5599528836891063,0.5,0.5,120
0.5669794087293148,0.5,0.6380091284261551,0.5,0.5,1200
0.6176537739717498,0.5,0.5036792680073698,1,0.5,12
0.5779781945013874,0.5,0.7023059209475394,1,0.5,120
0.5994421261836969,0.5,0.6795316736712956,1,0.5,1200
0.7203307120772735,0.5,0.7133694732876742,5,0.5,12
0.46761400945523846,0.5,0.8661699784555292,5,0.5,120
0.5751653885064661,0.5,0.9764625039206327,5,0.5,1200
0.4357880455133753,0.5,0.5096986685765732,10,0.5,12
0.5623594684191975,0.5,0.9157789897631144,10,0.5,120
0.5605355914537907,0.5,0.9863184768053412,10,0.5,1200
0.504720454215174,1,0.40780728188983545,-10,0.5,12
0.629761351376129,1,0.08918623331517708,-10,0.5,120
0.6041014568701246,1,0.012344684935018009,-10,0.5,1200
0.44455189166925924,1,0.3078658667886257,-5,0.5,12
0.543556475304209,1,0.07921755981597257,-5,0.5,120
0.6199370623538817,1,0.0130198083507084,-5,0.5,1200
0.33456906788952373,1,0.3592573314240606,-1,0.5,12
0.6119337039282197,1,0.2003095139773195,-1,0.5,120
0.6524771942789019,1,0.3535998087053261,-1,0.5,1200
0.630897606085751,1,0.5284695517933766,-0.5,0.5,12
0.6008017234477442,1,0.4000590056649647,-0.5,0.5,120
0.6080273273434602,1,0.4611548859324529,-0.5,0.5,1200
0.43872561913094926,1,0.4235407092171087,0,0.5,12
0.5965178676866066,1,0.449896468038926,0,0.5,120
0.6715190881828348,1,0.5069295234775191,0,0.5,1200
0.6248506988067603,1,0.5800083386027859,0.5,0.5,12
0.6445311859307558,1,0.6474374582300686,0.5,0.5,120
0.6333002319482863,1,0.596774761737454,0.5,0.5,1200
0.5551379692919627,1,0.5437594272794264,1,0.5,12
0.6436098412635705,1,0.5883640451421517,1,0.5,120
0.6407549357719794,1,0.6854358560943957,1,0.5,1200
0.5642254345308643,1,0.6556709100436132,5,0.5,12
0.5882449346845869,1,0.8894978729068067,5,0.5,120
0.5954252390240646,1,0.9816970522619499,5,0.5,1200
0.3777477823323775,1,0.7303164702356469,10,0.5,12
0.5513670001522384,1,0.8994634766706463,10,0.5,120
0.5899925115070592,1,0.9882628815066937,10,0.5,1200
0.4826141881610664,3,0.24715748169361848,-10,0.5,12
0.6887276447512869,3,0.07558222131253285,-10,0.5,120
0.727851941168053,3,0.010201978035144043,-10,0.5,1200
0.6714219933057914,3,0.23866590184643607,-5,0.5,12
0.7310507422279418,3,0.130113864112648,-5,0.5,120
0.7259453683383464,3,0.042515580481290095,-5,0.5,1200
0.7408402713220161,3,0.46011147281339876,-1,0.5,12
0.7687387796933893,3,0.49922014538702153,-1,0.5,120
0.805059548625157,3,0.3951550366016072,-1,0.5,1200
0.7732160835067946,3,0.6531975376950655,-0.5,0.5,12
0.8228463630382473,3,0.511125558847693,-0.5,0.5,120
0.7925153592288324,3,0.4739250121816267,-0.5,0.5,1200
0.7026966019101601,3,0.31682880892726656,0,0.5,12
0.8378823220803493,3,0.4731851786964511,0,0.5,120
0.779839388191459,3,0.4910247100312773,0,0.5,1200
0.7444292306647244,3,0.6526875196498949,0.5,0.5,12
0.7511940882630537,3,0.47369009935975037,0.5,0.5,120
0.7745323310181178,3,0.4960023953243945,0.5,0.5,1200
0.6819273702273019,3,0.5449847911526489,1,0.5,12
0.7749892767940709,3,0.6579562582807472,1,0.5,120
0.7990244481660338,3,0.6244503213110636,1,0.5,1200
0.7612175173565273,3,0.7312995959809961,5,0.5,12
0.7395739738025954,3,0.9290375567928527,5,0.5,120
0.7250466985482438,3,0.9539148763575966,5,0.5,1200
0.49165719486384674,3,0.7930703126649691,10,0.5,12
0.7322372530174442,3,0.9424584400448932,10,0.5,120
0.7022969845149446,3,0.9882479134639234,10,0.5,1200
0.45220360608213095,5,0.3649361783384928,-10,0.5,12
0.714552909205821,5,0.0758766657223944,-10,0.5,120
0.7673132243394465,5,0.00927568502386698,-10,0.5,1200
0.7263659734166013,5,0.28787679856440085,-5,0.5,12
0.7891110197654011,5,0.15491686890152095,-5,0.5,120
0.7894042656352412,5,0.1967864782559235,-5,0.5,1200
0.8491055251930183,5,0.42922126222862395,-1,0.5,12
0.8543141669594783,5,0.5085438979046027,-1,0.5,120
0.8354170292748507,5,0.4572706300625163,-1,0.5,1200
0.6853888437001098,5,0.47476490063928783,-0.5,0.5,12
0.844540215236318,5,0.5308959388323007,-0.5,0.5,120
0.8350362853503803,5,0.5089141799367451,-0.5,0.5,1200
0.6846426672704303,5,0.5643955327483828,0,0.5,12
0.884821416141661,5,0.5687050932898206,0,0.5,120
0.8312411394816203,5,0.49133487758064054,0,0.5,1200
0.683860041930261,5,0.5431735679071333,0.5,0.5,12
0.8764633456864688,5,0.5752279055284865,0.5,0.5,120
0.8508874444118686,5,0.5002040887775854,0.5,0.5,1200
0.7499569041093848,5,0.30661691549934267,1,0.5,12
0.8434539133685983,5,0.4222475034289791,1,0.5,120
0.828136330662149,5,0.5229822478264897,1,0.5,1200
0.7395732628790663,5,0.6788433449999092,5,0.5,12
0.7348736251927585,5,0.7732875559150276,5,0.5,120
0.7786544339449815,5,0.8150348838028729,5,0.5,1200
0.73142847697467706,5,0.7080614289070675,10,0.5,12
0.7297052238174341,5,0.9311850744772273,10,0.5,120
0.730652741780618,5,0.9863200088451816,10,0.5,1200
